exchange,id,data_start
BINANCE,BINANCE_SPOT_BNB_BTC,2017-07-14
BINANCE,BINANCE_SPOT_ETH_BTC,2017-07-14
BINANCE,BINANCE_SPOT_NEO_BTC,2017-07-14
BINANCE,BINANCE_SPOT_LTC_BTC,2017-07-14
BINANCE,BINANCE_SPOT_QTUM_ETH,2017-07-27
BINANCE,BINANCE_SPOT_EOS_ETH,2017-07-27
BINANCE,BINANCE_SPOT_BNT_ETH,2017-07-27
BINANCE,BINANCE_SPOT_SNT_ETH,2017-07-27
BINANCE,BINANCE_SPOT_BCH_BTC,2017-08-02
BINANCE,BINANCE_SPOT_GAS_BTC,2017-08-07
BINANCE,BINANCE_SPOT_BNB_ETH,2017-08-09
BINANCE,BINANCE_SPOT_ETH_USDT,2017-08-17
BINANCE,BINANCE_SPOT_BTC_USDT,2017-08-17
BINANCE,BINANCE_SPOT_WTC_BTC,2017-08-27
BINANCE,BINANCE_SPOT_LRC_BTC,2017-09-01
BINANCE,BINANCE_SPOT_LRC_ETH,2017-09-01
BINANCE,BINANCE_SPOT_YOYOW_BTC,2017-09-03
BINANCE,BINANCE_SPOT_QTUM_BTC,2017-09-04
BINANCE,BINANCE_SPOT_OMG_ETH,2017-09-12
BINANCE,BINANCE_SPOT_OMG_BTC,2017-09-12
BINANCE,BINANCE_SPOT_ZRX_BTC,2017-09-13
BINANCE,BINANCE_SPOT_ZRX_ETH,2017-09-13
BINANCE,BINANCE_SPOT_KNC_ETH,2017-09-26
BINANCE,BINANCE_SPOT_KNC_BTC,2017-09-26
BINANCE,BINANCE_SPOT_SNM_BTC,2017-09-27
BINANCE,BINANCE_SPOT_FUN_ETH,2017-09-28
BINANCE,BINANCE_SPOT_NEO_ETH,2017-09-28
BINANCE,BINANCE_SPOT_LINK_ETH,2017-09-28
BINANCE,BINANCE_SPOT_LINK_BTC,2017-09-28
BINANCE,BINANCE_SPOT_IOTA_BTC,2017-09-30
BINANCE,BINANCE_SPOT_IOTA_ETH,2017-09-30
BINANCE,BINANCE_SPOT_FUN_BTC,2017-09-28
BINANCE,BINANCE_SPOT_XVG_ETH,2017-10-02
BINANCE,BINANCE_SPOT_XVG_BTC,2017-10-02
BINANCE,BINANCE_SPOT_MDA_BTC,2017-10-05
BINANCE,BINANCE_SPOT_MTL_ETH,2017-10-09
BINANCE,BINANCE_SPOT_MTL_BTC,2017-10-09
BINANCE,BINANCE_SPOT_EOS_BTC,2017-10-11
BINANCE,BINANCE_SPOT_SNT_BTC,2017-10-12
BINANCE,BINANCE_SPOT_ETC_BTC,2017-10-12
BINANCE,BINANCE_SPOT_ETC_ETH,2017-10-12
BINANCE,BINANCE_SPOT_MTH_BTC,2017-10-13
BINANCE,BINANCE_SPOT_DNT_BTC,2017-10-16
BINANCE,BINANCE_SPOT_BNT_BTC,2017-10-17
BINANCE,BINANCE_SPOT_AST_BTC,2017-10-19
BINANCE,BINANCE_SPOT_DASH_BTC,2017-10-20
BINANCE,BINANCE_SPOT_DASH_ETH,2017-10-20
BINANCE,BINANCE_SPOT_OAX_BTC,2017-10-23
BINANCE,BINANCE_SPOT_BTG_BTC,2017-10-24
BINANCE,BINANCE_SPOT_EVX_BTC,2017-10-26
BINANCE,BINANCE_SPOT_REQ_BTC,2017-10-27
BINANCE,BINANCE_SPOT_VIB_BTC,2017-10-30
BINANCE,BINANCE_SPOT_VIB_ETH,2017-10-30
BINANCE,BINANCE_SPOT_TRX_BTC,2017-10-31
BINANCE,BINANCE_SPOT_TRX_ETH,2017-10-31
BINANCE,BINANCE_SPOT_POWR_BTC,2017-11-01
BINANCE,BINANCE_SPOT_POWR_ETH,2017-11-01
BINANCE,BINANCE_SPOT_ARK_BTC,2017-11-01
BINANCE,BINANCE_SPOT_XRP_ETH,2017-11-02
BINANCE,BINANCE_SPOT_XRP_BTC,2017-11-02
BINANCE,BINANCE_SPOT_ENJ_ETH,2017-11-03
BINANCE,BINANCE_SPOT_ENJ_BTC,2017-11-03
BINANCE,BINANCE_SPOT_STORJ_BTC,2017-11-03
BINANCE,BINANCE_SPOT_BNB_USDT,2017-11-06
BINANCE,BINANCE_SPOT_KMD_ETH,2017-11-07
BINANCE,BINANCE_SPOT_KMD_BTC,2017-11-07
BINANCE,BINANCE_SPOT_NULS_BTC,2017-11-09
BINANCE,BINANCE_SPOT_RDN_BTC,2017-11-09
BINANCE,BINANCE_SPOT_XMR_BTC,2017-11-10
BINANCE,BINANCE_SPOT_XMR_ETH,2017-11-10
BINANCE,BINANCE_SPOT_AMB_BTC,2017-11-10
BINANCE,BINANCE_SPOT_BCH_BNB,2017-11-11
BINANCE,BINANCE_SPOT_BCH_USDT,2017-11-11
BINANCE,BINANCE_SPOT_BAT_ETH,2017-11-13
BINANCE,BINANCE_SPOT_BAT_BTC,2017-11-13
BINANCE,BINANCE_SPOT_ZEC_ETH,2017-11-14
BINANCE,BINANCE_SPOT_ZEC_BTC,2017-11-14
BINANCE,BINANCE_SPOT_GXS_BTC,2017-11-17
BINANCE,BINANCE_SPOT_GXS_ETH,2017-11-17
BINANCE,BINANCE_SPOT_NEO_USDT,2017-11-20
BINANCE,BINANCE_SPOT_NEO_BNB,2017-11-20
BINANCE,BINANCE_SPOT_QSP_ETH,2017-11-21
BINANCE,BINANCE_SPOT_QSP_BTC,2017-11-21
BINANCE,BINANCE_SPOT_BTS_BTC,2017-11-21
BINANCE,BINANCE_SPOT_LSK_ETH,2017-11-22
BINANCE,BINANCE_SPOT_LSK_BTC,2017-11-22
BINANCE,BINANCE_SPOT_MANA_BTC,2017-11-24
BINANCE,BINANCE_SPOT_MANA_ETH,2017-11-24
BINANCE,BINANCE_SPOT_BCD_BTC,2017-11-24
BINANCE,BINANCE_SPOT_IOTA_BNB,2017-11-28
BINANCE,BINANCE_SPOT_ADX_ETH,2017-11-29
BINANCE,BINANCE_SPOT_ADX_BTC,2017-11-29
BINANCE,BINANCE_SPOT_ADA_BTC,2017-11-30
BINANCE,BINANCE_SPOT_ADA_ETH,2017-11-30
BINANCE,BINANCE_SPOT_XLM_ETH,2017-12-08
BINANCE,BINANCE_SPOT_XLM_BTC,2017-12-08
BINANCE,BINANCE_SPOT_XLM_BNB,2017-12-08
BINANCE,BINANCE_SPOT_CND_BTC,2017-12-11
BINANCE,BINANCE_SPOT_WABI_BTC,2017-12-12
BINANCE,BINANCE_SPOT_WABI_BNB,2017-12-12
BINANCE,BINANCE_SPOT_LTC_ETH,2017-12-13
BINANCE,BINANCE_SPOT_LTC_USDT,2017-12-13
BINANCE,BINANCE_SPOT_LTC_BNB,2017-12-13
BINANCE,BINANCE_SPOT_WAVES_BTC,2017-12-15
BINANCE,BINANCE_SPOT_WAVES_ETH,2017-12-15
BINANCE,BINANCE_SPOT_WAVES_BNB,2017-12-15
BINANCE,BINANCE_SPOT_DLT_BTC,2017-11-10
BINANCE,BINANCE_SPOT_ICX_BTC,2017-12-18
BINANCE,BINANCE_SPOT_ICX_ETH,2017-12-18
BINANCE,BINANCE_SPOT_GTO_BTC,2017-12-18
BINANCE,BINANCE_SPOT_ELF_ETH,2017-12-21
BINANCE,BINANCE_SPOT_ELF_BTC,2017-12-21
BINANCE,BINANCE_SPOT_AION_BTC,2017-12-21
BINANCE,BINANCE_SPOT_AION_ETH,2017-12-21
BINANCE,BINANCE_SPOT_NEBL_ETH,2017-12-22
BINANCE,BINANCE_SPOT_NEBL_BTC,2017-12-22
BINANCE,BINANCE_SPOT_GVT_BTC,2017-11-16
BINANCE,BINANCE_SPOT_BRD_ETH,2017-12-24
BINANCE,BINANCE_SPOT_BRD_BTC,2017-12-24
BINANCE,BINANCE_SPOT_NAV_BTC,2017-12-27
BINANCE,BINANCE_SPOT_SNGLS_BTC,2017-09-19
BINANCE,BINANCE_SPOT_APPC_BTC,2018-01-05
BINANCE,BINANCE_SPOT_CDT_BTC,2017-11-16
BINANCE,BINANCE_SPOT_CDT_ETH,2017-11-16
BINANCE,BINANCE_SPOT_RLC_BTC,2018-01-12
BINANCE,BINANCE_SPOT_RLC_ETH,2018-01-12
BINANCE,BINANCE_SPOT_VGX_BTC,2017-09-22
BINANCE,BINANCE_SPOT_VGX_ETH,2017-09-22
BINANCE,BINANCE_SPOT_PIVX_BTC,2018-01-23
BINANCE,BINANCE_SPOT_PIVX_ETH,2018-01-23
BINANCE,BINANCE_SPOT_IOST_ETH,2018-01-24
BINANCE,BINANCE_SPOT_IOST_BTC,2018-01-24
BINANCE,BINANCE_SPOT_STEEM_ETH,2018-02-01
BINANCE,BINANCE_SPOT_STEEM_BTC,2018-02-01
BINANCE,BINANCE_SPOT_NANO_BTC,2018-02-02
BINANCE,BINANCE_SPOT_NANO_ETH,2018-02-02
BINANCE,BINANCE_SPOT_BLZ_ETH,2018-02-06
BINANCE,BINANCE_SPOT_BAT_BNB,2017-11-13
BINANCE,BINANCE_SPOT_BLZ_BTC,2018-02-06
BINANCE,BINANCE_SPOT_PPT_BTC,2017-12-01
BINANCE,BINANCE_SPOT_NCASH_ETH,2018-02-26
BINANCE,BINANCE_SPOT_ZIL_ETH,2018-03-05
BINANCE,BINANCE_SPOT_ZIL_BTC,2018-03-05
BINANCE,BINANCE_SPOT_ZIL_BNB,2018-03-05
BINANCE,BINANCE_SPOT_ONT_ETH,2018-03-08
BINANCE,BINANCE_SPOT_ONT_BTC,2018-03-08
BINANCE,BINANCE_SPOT_ICX_BNB,2017-12-18
BINANCE,BINANCE_SPOT_QTUM_USDT,2018-03-19
BINANCE,BINANCE_SPOT_XEM_ETH,2018-03-20
BINANCE,BINANCE_SPOT_XEM_BTC,2018-03-20
BINANCE,BINANCE_SPOT_RCN_BTC,2017-11-08
BINANCE,BINANCE_SPOT_NAV_ETH,2017-12-27
BINANCE,BINANCE_SPOT_WAN_ETH,2018-03-23
BINANCE,BINANCE_SPOT_WAN_BTC,2018-03-23
BINANCE,BINANCE_SPOT_WTC_BNB,2017-11-10
BINANCE,BINANCE_SPOT_QLC_BTC,2018-03-26
BINANCE,BINANCE_SPOT_QLC_ETH,2018-03-26
BINANCE,BINANCE_SPOT_SYS_BTC,2018-03-28
BINANCE,BINANCE_SPOT_GRS_BTC,2018-04-04
BINANCE,BINANCE_SPOT_POA_BTC,2018-02-28
BINANCE,BINANCE_SPOT_ADA_BNB,2018-04-17
BINANCE,BINANCE_SPOT_ADA_USDT,2018-04-17
BINANCE,BINANCE_SPOT_OST_BTC,2017-12-19
BINANCE,BINANCE_SPOT_OST_ETH,2017-12-19
BINANCE,BINANCE_SPOT_LOOM_BTC,2018-05-02
BINANCE,BINANCE_SPOT_LOOM_ETH,2018-05-02
BINANCE,BINANCE_SPOT_BLZ_BNB,2018-02-06
BINANCE,BINANCE_SPOT_XRP_USDT,2018-05-04
BINANCE,BINANCE_SPOT_REP_ETH,2018-05-11
BINANCE,BINANCE_SPOT_REP_BTC,2018-05-11
BINANCE,BINANCE_SPOT_VIA_BTC,2018-02-05
BINANCE,BINANCE_SPOT_ETH_TUSD,2018-05-22
BINANCE,BINANCE_SPOT_BTC_TUSD,2018-05-22
BINANCE,BINANCE_SPOT_ZEN_ETH,2018-05-23
BINANCE,BINANCE_SPOT_ZEN_BTC,2018-05-23
BINANCE,BINANCE_SPOT_ZEN_BNB,2018-05-23
BINANCE,BINANCE_SPOT_EOS_USDT,2018-05-28
BINANCE,BINANCE_SPOT_EOS_BNB,2018-05-28
BINANCE,BINANCE_SPOT_CVC_BTC,2018-05-28
BINANCE,BINANCE_SPOT_CVC_ETH,2018-05-28
BINANCE,BINANCE_SPOT_THETA_BTC,2018-05-29
BINANCE,BINANCE_SPOT_THETA_ETH,2018-05-29
BINANCE,BINANCE_SPOT_THETA_BNB,2018-05-29
BINANCE,BINANCE_SPOT_XRP_BNB,2018-05-31
BINANCE,BINANCE_SPOT_IOTA_USDT,2018-05-31
BINANCE,BINANCE_SPOT_TUSD_USDT,2018-05-31
BINANCE,BINANCE_SPOT_XLM_USDT,2018-05-31
BINANCE,BINANCE_SPOT_IOTX_ETH,2018-06-01
BINANCE,BINANCE_SPOT_IOTX_BTC,2018-06-01
BINANCE,BINANCE_SPOT_ONT_BNB,2018-03-08
BINANCE,BINANCE_SPOT_QKC_ETH,2018-06-05
BINANCE,BINANCE_SPOT_QKC_BTC,2018-06-05
BINANCE,BINANCE_SPOT_NXS_BTC,2018-06-06
BINANCE,BINANCE_SPOT_ENJ_BNB,2018-06-07
BINANCE,BINANCE_SPOT_DATA_ETH,2018-06-08
BINANCE,BINANCE_SPOT_DATA_BTC,2018-06-08
BINANCE,BINANCE_SPOT_ONT_USDT,2018-06-08
BINANCE,BINANCE_SPOT_TRX_USDT,2018-06-11
BINANCE,BINANCE_SPOT_ETC_USDT,2018-06-12
BINANCE,BINANCE_SPOT_ETC_BNB,2018-06-12
BINANCE,BINANCE_SPOT_TRX_BNB,2018-06-12
BINANCE,BINANCE_SPOT_ICX_USDT,2018-06-13
BINANCE,BINANCE_SPOT_SC_ETH,2018-06-14
BINANCE,BINANCE_SPOT_SC_BTC,2018-06-14
BINANCE,BINANCE_SPOT_SC_BNB,2018-06-14
BINANCE,BINANCE_SPOT_KEY_ETH,2018-06-27
BINANCE,BINANCE_SPOT_NAS_BTC,2018-06-28
BINANCE,BINANCE_SPOT_NAS_ETH,2018-06-28
BINANCE,BINANCE_SPOT_SKY_BTC,2018-05-24
BINANCE,BINANCE_SPOT_MFT_BNB,2018-07-05
BINANCE,BINANCE_SPOT_MFT_ETH,2018-07-05
BINANCE,BINANCE_SPOT_DENT_ETH,2018-07-06
BINANCE,BINANCE_SPOT_WTC_ETH,2017-08-27
BINANCE,BINANCE_SPOT_ARDR_BTC,2018-07-18
BINANCE,BINANCE_SPOT_NULS_USDT,2018-07-23
BINANCE,BINANCE_SPOT_HOT_ETH,2018-07-24
BINANCE,BINANCE_SPOT_VET_ETH,2018-07-25
BINANCE,BINANCE_SPOT_VET_BTC,2018-07-25
BINANCE,BINANCE_SPOT_VET_BNB,2018-07-25
BINANCE,BINANCE_SPOT_VET_USDT,2018-07-25
BINANCE,BINANCE_SPOT_DOCK_BTC,2018-07-30
BINANCE,BINANCE_SPOT_POLY_BTC,2018-07-31
BINANCE,BINANCE_SPOT_WAN_BNB,2018-03-23
BINANCE,BINANCE_SPOT_WPR_BTC,2018-03-29
BINANCE,BINANCE_SPOT_BCPT_BTC,2017-11-14
BINANCE,BINANCE_SPOT_GO_BTC,2018-09-12
BINANCE,BINANCE_SPOT_COMET_ETH,2017-12-05
BINANCE,BINANCE_SPOT_TNB_BTC,2017-12-15
BINANCE,BINANCE_SPOT_MCO_ETH,2017-08-23
BINANCE,BINANCE_SPOT_STORJ_ETH,2017-11-03
BINANCE,BINANCE_SPOT_XZC_ETH,2017-11-22
BINANCE,BINANCE_SPOT_XZC_BTC,2017-11-22
BINANCE,BINANCE_SPOT_RVN_BTC,2018-10-12
BINANCE,BINANCE_SPOT_RVN_BNB,2018-10-12
BINANCE,BINANCE_SPOT_MCO_BTC,2017-08-24
BINANCE,BINANCE_SPOT_STRAT_BTC,2017-09-14
BINANCE,BINANCE_SPOT_STRAT_ETH,2017-09-14
BINANCE,BINANCE_SPOT_AGI_BTC,2018-06-05
BINANCE,BINANCE_SPOT_COMET_BTC,2017-12-05
BINANCE,BINANCE_SPOT_VIBE_BTC,2018-01-10
BINANCE,BINANCE_SPOT_DCR_BTC,2018-10-24
BINANCE,BINANCE_SPOT_MITH_BNB,2018-11-20
BINANCE,BINANCE_SPOT_MITH_BTC,2018-11-20
BINANCE,BINANCE_SPOT_EVX_ETH,2017-10-26
BINANCE,BINANCE_SPOT_NULS_ETH,2017-11-09
BINANCE,BINANCE_SPOT_REN_BTC,2018-12-06
BINANCE,BINANCE_SPOT_XRP_TUSD,2018-12-06
BINANCE,BINANCE_SPOT_BNB_USDC,2018-12-15
BINANCE,BINANCE_SPOT_EOS_USDC,2018-12-15
BINANCE,BINANCE_SPOT_XRP_USDC,2018-12-15
BINANCE,BINANCE_SPOT_BTC_USDC,2018-12-15
BINANCE,BINANCE_SPOT_ETH_USDC,2018-12-15
BINANCE,BINANCE_SPOT_USDC_USDT,2018-12-15
BINANCE,BINANCE_SPOT_AION_BNB,2017-12-21
BINANCE,BINANCE_SPOT_ADA_TUSD,2018-12-19
BINANCE,BINANCE_SPOT_TRX_TUSD,2018-12-19
BINANCE,BINANCE_SPOT_POE_BTC,2017-11-20
BINANCE,BINANCE_SPOT_TNT_ETH,2017-11-22
BINANCE,BINANCE_SPOT_TRX_XRP,2018-12-24
BINANCE,BINANCE_SPOT_ENG_ETH,2017-10-13
BINANCE,BINANCE_SPOT_ENG_BTC,2017-10-13
BINANCE,BINANCE_SPOT_STEEM_BNB,2018-02-01
BINANCE,BINANCE_SPOT_BRD_BNB,2017-12-24
BINANCE,BINANCE_SPOT_PAX_USDT,2018-10-04
BINANCE,BINANCE_SPOT_LINK_USDC,2019-01-16
BINANCE,BINANCE_SPOT_LINK_USDT,2019-01-16
BINANCE,BINANCE_SPOT_WAVES_USDT,2019-01-18
BINANCE,BINANCE_SPOT_RLC_BNB,2018-01-12
BINANCE,BINANCE_SPOT_AE_BTC,2018-02-07
BINANCE,BINANCE_SPOT_BCH_USDC,2019-01-22
BINANCE,BINANCE_SPOT_LTC_USDC,2019-01-24
BINANCE,BINANCE_SPOT_TRX_USDC,2019-01-24
BINANCE,BINANCE_SPOT_LTC_TUSD,2019-01-24
BINANCE,BINANCE_SPOT_BTT_BNB,2019-01-31
BINANCE,BINANCE_SPOT_BTT_USDT,2019-01-31
BINANCE,BINANCE_SPOT_NEBL_BNB,2017-12-22
BINANCE,BINANCE_SPOT_LEND_BTC,2017-12-12
BINANCE,BINANCE_SPOT_LEND_ETH,2017-12-12
BINANCE,BINANCE_SPOT_BTT_USDC,2019-02-15
BINANCE,BINANCE_SPOT_BTT_TUSD,2019-02-15
BINANCE,BINANCE_SPOT_ONG_BTC,2019-02-16
BINANCE,BINANCE_SPOT_ONG_USDT,2019-02-16
BINANCE,BINANCE_SPOT_HOT_USDT,2019-02-18
BINANCE,BINANCE_SPOT_HOT_BNB,2019-02-18
BINANCE,BINANCE_SPOT_ZIL_USDT,2019-02-19
BINANCE,BINANCE_SPOT_NPXS_ETH,2018-06-21
BINANCE,BINANCE_SPOT_ZRX_USDT,2019-02-27
BINANCE,BINANCE_SPOT_FET_USDT,2019-02-27
BINANCE,BINANCE_SPOT_FET_BTC,2019-02-27
BINANCE,BINANCE_SPOT_FET_BNB,2019-02-27
BINANCE,BINANCE_SPOT_BCN_ETH,2018-05-08
BINANCE,BINANCE_SPOT_BAT_USDT,2019-03-04
BINANCE,BINANCE_SPOT_AE_ETH,2018-02-07
BINANCE,BINANCE_SPOT_ETH_PAX,2018-11-29
BINANCE,BINANCE_SPOT_BTC_PAX,2018-11-29
BINANCE,BINANCE_SPOT_BNB_PAX,2018-11-29
BINANCE,BINANCE_SPOT_BNB_TUSD,2019-03-12
BINANCE,BINANCE_SPOT_XMR_BNB,2019-03-14
BINANCE,BINANCE_SPOT_XMR_USDT,2019-03-15
BINANCE,BINANCE_SPOT_ZEC_USDC,2019-03-21
BINANCE,BINANCE_SPOT_ZEC_USDT,2019-03-21
BINANCE,BINANCE_SPOT_ZEC_BNB,2019-03-21
BINANCE,BINANCE_SPOT_IOST_USDT,2019-03-22
BINANCE,BINANCE_SPOT_IOST_BNB,2019-03-22
BINANCE,BINANCE_SPOT_CELR_BNB,2019-03-24
BINANCE,BINANCE_SPOT_CELR_USDT,2019-03-24
BINANCE,BINANCE_SPOT_CELR_BTC,2019-03-24
BINANCE,BINANCE_SPOT_ADA_USDC,2019-03-26
BINANCE,BINANCE_SPOT_DASH_BNB,2019-03-28
BINANCE,BINANCE_SPOT_DASH_USDT,2019-03-28
BINANCE,BINANCE_SPOT_NEO_USDC,2019-03-26
BINANCE,BINANCE_SPOT_NANO_USDT,2019-04-02
BINANCE,BINANCE_SPOT_OMG_USDT,2019-04-03
BINANCE,BINANCE_SPOT_OAX_ETH,2017-08-21
BINANCE,BINANCE_SPOT_XZC_BNB,2017-11-22
BINANCE,BINANCE_SPOT_TNT_BTC,2017-11-22
BINANCE,BINANCE_SPOT_ARN_BTC,2017-11-15
BINANCE,BINANCE_SPOT_ARN_ETH,2017-11-15
BINANCE,BINANCE_SPOT_THETA_USDT,2019-04-09
BINANCE,BINANCE_SPOT_LINK_TUSD,2019-01-16
BINANCE,BINANCE_SPOT_XRP_PAX,2018-11-29
BINANCE,BINANCE_SPOT_EOS_TUSD,2018-12-06
BINANCE,BINANCE_SPOT_BCH_TUSD,2019-01-22
BINANCE,BINANCE_SPOT_FUEL_BTC,2017-11-23
BINANCE,BINANCE_SPOT_ENJ_USDT,2019-04-17
BINANCE,BINANCE_SPOT_INS_BTC,2018-01-15
BINANCE,BINANCE_SPOT_MITH_USDT,2019-04-19
BINANCE,BINANCE_SPOT_MATIC_USDT,2019-04-25
BINANCE,BINANCE_SPOT_MATIC_BTC,2019-04-25
BINANCE,BINANCE_SPOT_MATIC_BNB,2019-04-25
BINANCE,BINANCE_SPOT_MDA_ETH,2017-10-05
BINANCE,BINANCE_SPOT_ATOM_USDT,2019-04-28
BINANCE,BINANCE_SPOT_ATOM_BTC,2019-04-28
BINANCE,BINANCE_SPOT_ATOM_BNB,2019-04-28
BINANCE,BINANCE_SPOT_GNT_BTC,2018-04-27
BINANCE,BINANCE_SPOT_GNT_ETH,2018-04-27
BINANCE,BINANCE_SPOT_ATOM_USDC,2019-05-06
BINANCE,BINANCE_SPOT_DNT_ETH,2017-08-22
BINANCE,BINANCE_SPOT_LUN_BTC,2017-12-28
BINANCE,BINANCE_SPOT_PHB_BTC,2019-05-23
BINANCE,BINANCE_SPOT_PHB_TUSD,2019-05-23
BINANCE,BINANCE_SPOT_TFUEL_USDT,2019-05-24
BINANCE,BINANCE_SPOT_TFUEL_BTC,2019-05-24
BINANCE,BINANCE_SPOT_AST_ETH,2017-10-19
BINANCE,BINANCE_SPOT_ARK_ETH,2017-11-01
BINANCE,BINANCE_SPOT_RDN_ETH,2017-11-09
BINANCE,BINANCE_SPOT_BCD_ETH,2017-11-24
BINANCE,BINANCE_SPOT_ONE_USDT,2019-05-28
BINANCE,BINANCE_SPOT_ONE_BTC,2019-05-28
BINANCE,BINANCE_SPOT_ONE_BNB,2019-05-28
BINANCE,BINANCE_SPOT_GTO_ETH,2017-12-18
BINANCE,BINANCE_SPOT_BCH_PAX,2019-01-22
BINANCE,BINANCE_SPOT_TRX_PAX,2019-01-24
BINANCE,BINANCE_SPOT_LTC_PAX,2019-01-24
BINANCE,BINANCE_SPOT_FTM_BTC,2019-06-10
BINANCE,BINANCE_SPOT_FTM_USDT,2019-06-10
BINANCE,BINANCE_SPOT_FTM_BNB,2019-06-10
BINANCE,BINANCE_SPOT_GVT_ETH,2017-11-16
BINANCE,BINANCE_SPOT_AMB_ETH,2017-11-10
BINANCE,BINANCE_SPOT_REQ_ETH,2017-10-27
BINANCE,BINANCE_SPOT_BCPT_ETH,2017-11-14
BINANCE,BINANCE_SPOT_EDO_BTC,2017-12-25
BINANCE,BINANCE_SPOT_EDO_ETH,2017-12-25
BINANCE,BINANCE_SPOT_HOT_BTC,2018-07-24
BINANCE,BINANCE_SPOT_POWR_BNB,2017-11-07
BINANCE,BINANCE_SPOT_ALGO_BNB,2019-06-21
BINANCE,BINANCE_SPOT_ALGO_BTC,2019-06-21
BINANCE,BINANCE_SPOT_ALGO_USDT,2019-06-21
BINANCE,BINANCE_SPOT_RCN_ETH,2017-11-08
BINANCE,BINANCE_SPOT_MTH_ETH,2017-10-13
BINANCE,BINANCE_SPOT_PPT_ETH,2017-12-01
BINANCE,BINANCE_SPOT_DLT_ETH,2017-11-10
BINANCE,BINANCE_SPOT_GTO_USDT,2019-07-01
BINANCE,BINANCE_SPOT_BTS_ETH,2017-11-21
BINANCE,BINANCE_SPOT_DOGE_USDT,2019-07-05
BINANCE,BINANCE_SPOT_DOGE_BTC,2019-07-05
BINANCE,BINANCE_SPOT_SNM_ETH,2017-09-27
BINANCE,BINANCE_SPOT_LSK_BNB,2017-11-22
BINANCE,BINANCE_SPOT_GTO_BNB,2017-12-18
BINANCE,BINANCE_SPOT_DUSK_BTC,2019-07-22
BINANCE,BINANCE_SPOT_DUSK_USDT,2019-07-22
BINANCE,BINANCE_SPOT_ANKR_BTC,2019-07-23
BINANCE,BINANCE_SPOT_ANKR_BNB,2019-07-23
BINANCE,BINANCE_SPOT_ANKR_USDT,2019-07-23
BINANCE,BINANCE_SPOT_RDN_BNB,2017-11-09
BINANCE,BINANCE_SPOT_WIN_USDT,2019-07-31
BINANCE,BINANCE_SPOT_WIN_BNB,2019-07-31
BINANCE,BINANCE_SPOT_WIN_USDC,2019-07-31
BINANCE,BINANCE_SPOT_BCPT_BNB,2017-11-14
BINANCE,BINANCE_SPOT_WABI_ETH,2017-12-12
BINANCE,BINANCE_SPOT_NULS_BNB,2017-11-08
BINANCE,BINANCE_SPOT_HMCN_BTC,2018-08-20
BINANCE,BINANCE_SPOT_RCN_BNB,2017-11-08
BINANCE,BINANCE_SPOT_COS_BNB,2019-08-02
BINANCE,BINANCE_SPOT_COS_BTC,2019-08-02
BINANCE,BINANCE_SPOT_COS_USDT,2019-08-02
BINANCE,BINANCE_SPOT_AMB_BNB,2017-11-10
BINANCE,BINANCE_SPOT_POE_ETH,2017-11-20
BINANCE,BINANCE_SPOT_APPC_ETH,2018-01-05
BINANCE,BINANCE_SPOT_DLT_BNB,2017-11-10
BINANCE,BINANCE_SPOT_DGD_BTC,2017-11-27
BINANCE,BINANCE_SPOT_DGD_ETH,2017-11-27
BINANCE,BINANCE_SPOT_QSP_BNB,2017-11-21
BINANCE,BINANCE_SPOT_INS_ETH,2018-01-15
BINANCE,BINANCE_SPOT_COCOS_USDT,2019-08-21
BINANCE,BINANCE_SPOT_COCOS_BNB,2019-08-21
BINANCE,BINANCE_SPOT_COMET_BNB,2017-12-05
BINANCE,BINANCE_SPOT_MTL_USDT,2019-08-23
BINANCE,BINANCE_SPOT_TOMO_USDT,2019-08-24
BINANCE,BINANCE_SPOT_TOMO_BTC,2019-08-24
BINANCE,BINANCE_SPOT_TNB_ETH,2017-12-15
BINANCE,BINANCE_SPOT_NANO_BNB,2018-02-02
BINANCE,BINANCE_SPOT_PERL_BTC,2019-08-26
BINANCE,BINANCE_SPOT_PERL_BNB,2019-08-26
BINANCE,BINANCE_SPOT_PERL_USDT,2019-08-26
BINANCE,BINANCE_SPOT_WAN_USDT,2019-08-27
BINANCE,BINANCE_SPOT_DOCK_USDT,2019-08-27
BINANCE,BINANCE_SPOT_DENT_USDT,2019-08-27
BINANCE,BINANCE_SPOT_CVC_USDT,2019-08-27
BINANCE,BINANCE_SPOT_KEY_USDT,2019-08-27
BINANCE,BINANCE_SPOT_MFT_USDT,2019-08-27
BINANCE,BINANCE_SPOT_FUN_USDT,2019-08-27
BINANCE,BINANCE_SPOT_BTG_ETH,2017-10-24
BINANCE,BINANCE_SPOT_BTT_TRX,2019-09-04
BINANCE,BINANCE_SPOT_WIN_TRX,2019-09-04
BINANCE,BINANCE_SPOT_CHZ_BNB,2019-09-06
BINANCE,BINANCE_SPOT_CHZ_USDT,2019-09-06
BINANCE,BINANCE_SPOT_CHZ_BTC,2019-09-06
BINANCE,BINANCE_SPOT_YOYOW_ETH,2017-11-02
BINANCE,BINANCE_SPOT_YOYOW_BNB,2017-11-06
BINANCE,BINANCE_SPOT_PIVX_BNB,2018-01-23
BINANCE,BINANCE_SPOT_CND_ETH,2017-12-11
BINANCE,BINANCE_SPOT_STORM_BTC,2018-03-12
BINANCE,BINANCE_SPOT_STORM_ETH,2018-03-12
BINANCE,BINANCE_SPOT_BAT_USDC,2019-05-07
BINANCE,BINANCE_SPOT_BAND_USDT,2019-09-18
BINANCE,BINANCE_SPOT_BAND_BTC,2019-09-18
BINANCE,BINANCE_SPOT_BTC_BUSD,2019-09-19
BINANCE,BINANCE_SPOT_BNB_BUSD,2019-09-19
BINANCE,BINANCE_SPOT_BUSD_USDT,2019-09-20
BINANCE,BINANCE_SPOT_BEAM_BTC,2019-09-21
BINANCE,BINANCE_SPOT_BEAM_USDT,2019-09-21
BINANCE,BINANCE_SPOT_APPC_BNB,2018-01-05
BINANCE,BINANCE_SPOT_XTZ_BTC,2019-09-24
BINANCE,BINANCE_SPOT_XTZ_BNB,2019-09-24
BINANCE,BINANCE_SPOT_XTZ_USDT,2019-09-24
BINANCE,BINANCE_SPOT_RVN_USDT,2019-09-25
BINANCE,BINANCE_SPOT_REN_USDT,2019-09-25
BINANCE,BINANCE_SPOT_HBAR_USDT,2019-09-29
BINANCE,BINANCE_SPOT_HBAR_BTC,2019-09-29
BINANCE,BINANCE_SPOT_HBAR_BNB,2019-09-29
BINANCE,BINANCE_SPOT_OST_BNB,2017-12-19
BINANCE,BINANCE_SPOT_NKN_BTC,2019-10-11
BINANCE,BINANCE_SPOT_NKN_USDT,2019-10-11
BINANCE,BINANCE_SPOT_VIBE_ETH,2018-01-10
BINANCE,BINANCE_SPOT_CND_BNB,2017-12-11
BINANCE,BINANCE_SPOT_SNGLS_ETH,2017-09-19
BINANCE,BINANCE_SPOT_POA_ETH,2018-02-28
BINANCE,BINANCE_SPOT_GRS_ETH,2018-04-04
BINANCE,BINANCE_SPOT_BCH_BUSD,2019-10-21
BINANCE,BINANCE_SPOT_ETC_BUSD,2019-10-21
BINANCE,BINANCE_SPOT_LINK_BUSD,2019-10-21
BINANCE,BINANCE_SPOT_XRP_BUSD,2019-10-21
BINANCE,BINANCE_SPOT_LTC_BUSD,2019-10-21
BINANCE,BINANCE_SPOT_ETH_BUSD,2019-10-21
BINANCE,BINANCE_SPOT_QTUM_BNB,2018-03-19
BINANCE,BINANCE_SPOT_XEM_BNB,2018-03-20
BINANCE,BINANCE_SPOT_BTC_NGN,2019-10-24
BINANCE,BINANCE_SPOT_KAVA_BTC,2019-10-25
BINANCE,BINANCE_SPOT_KAVA_USDT,2019-10-25
BINANCE,BINANCE_SPOT_KAVA_BNB,2019-10-25
BINANCE,BINANCE_SPOT_STX_USDT,2019-10-25
BINANCE,BINANCE_SPOT_STX_BNB,2019-10-25
BINANCE,BINANCE_SPOT_STX_BTC,2019-10-25
BINANCE,BINANCE_SPOT_AE_BNB,2018-02-07
BINANCE,BINANCE_SPOT_BUSD_NGN,2019-10-24
BINANCE,BINANCE_SPOT_BNB_NGN,2019-10-24
BINANCE,BINANCE_SPOT_STORM_BNB,2018-03-12
BINANCE,BINANCE_SPOT_MCO_BNB,2017-12-25
BINANCE,BINANCE_SPOT_SYS_ETH,2018-03-28
BINANCE,BINANCE_SPOT_ALGO_TUSD,2019-06-21
BINANCE,BINANCE_SPOT_NCASH_BTC,2018-02-26
BINANCE,BINANCE_SPOT_ARPA_USDT,2019-11-06
BINANCE,BINANCE_SPOT_ARPA_BTC,2019-11-06
BINANCE,BINANCE_SPOT_ARPA_BNB,2019-11-06
BINANCE,BINANCE_SPOT_TRX_BUSD,2019-11-07
BINANCE,BINANCE_SPOT_EOS_BUSD,2019-11-07
BINANCE,BINANCE_SPOT_RLC_USDT,2019-11-14
BINANCE,BINANCE_SPOT_IOTX_USDT,2019-11-14
BINANCE,BINANCE_SPOT_VIA_ETH,2018-02-05
BINANCE,BINANCE_SPOT_XLM_BUSD,2019-11-21
BINANCE,BINANCE_SPOT_ADA_BUSD,2019-11-21
BINANCE,BINANCE_SPOT_CTXC_BTC,2019-11-22
BINANCE,BINANCE_SPOT_CTXC_USDT,2019-11-22
BINANCE,BINANCE_SPOT_VIA_BNB,2018-02-05
BINANCE,BINANCE_SPOT_XRP_RUB,2019-12-02
BINANCE,BINANCE_SPOT_ETH_RUB,2019-12-02
BINANCE,BINANCE_SPOT_BNB_RUB,2019-12-02
BINANCE,BINANCE_SPOT_BTC_RUB,2019-12-02
BINANCE,BINANCE_SPOT_TROY_BNB,2019-12-05
BINANCE,BINANCE_SPOT_TROY_USDT,2019-12-05
BINANCE,BINANCE_SPOT_VET_BUSD,2019-12-06
BINANCE,BINANCE_SPOT_QTUM_BUSD,2019-12-06
BINANCE,BINANCE_SPOT_BUSD_RUB,2019-12-06
BINANCE,BINANCE_SPOT_ADX_BNB,2017-11-29
BINANCE,BINANCE_SPOT_BAND_BNB,2019-09-18
BINANCE,BINANCE_SPOT_VITE_USDT,2019-12-13
BINANCE,BINANCE_SPOT_VITE_BTC,2019-12-13
BINANCE,BINANCE_SPOT_WPR_ETH,2018-03-29
BINANCE,BINANCE_SPOT_LOOM_BNB,2018-05-02
BINANCE,BINANCE_SPOT_SKY_ETH,2018-05-24
BINANCE,BINANCE_SPOT_AGI_ETH,2018-06-05
BINANCE,BINANCE_SPOT_FTT_BTC,2019-12-20
BINANCE,BINANCE_SPOT_FTT_BNB,2019-12-20
BINANCE,BINANCE_SPOT_FTT_USDT,2019-12-20
BINANCE,BINANCE_SPOT_BUSD_TRY,2019-12-20
BINANCE,BINANCE_SPOT_BTC_TRY,2019-12-20
BINANCE,BINANCE_SPOT_BNB_TRY,2019-12-20
BINANCE,BINANCE_SPOT_USDT_TRY,2019-12-25
BINANCE,BINANCE_SPOT_USDT_RUB,2019-12-25
BINANCE,BINANCE_SPOT_XRP_TRY,2019-12-25
BINANCE,BINANCE_SPOT_ETH_TRY,2019-12-25
BINANCE,BINANCE_SPOT_BTS_BNB,2017-11-21
BINANCE,BINANCE_SPOT_BNB_EUR,2020-01-03
BINANCE,BINANCE_SPOT_EUR_BUSD,2020-01-03
BINANCE,BINANCE_SPOT_ETH_EUR,2020-01-03
BINANCE,BINANCE_SPOT_BTC_EUR,2020-01-03
BINANCE,BINANCE_SPOT_EUR_USDT,2020-01-03
BINANCE,BINANCE_SPOT_XRP_EUR,2020-01-03
BINANCE,BINANCE_SPOT_DOCK_ETH,2018-07-30
BINANCE,BINANCE_SPOT_OGN_USDT,2020-01-09
BINANCE,BINANCE_SPOT_OGN_BNB,2020-01-09
BINANCE,BINANCE_SPOT_OGN_BTC,2020-01-09
BINANCE,BINANCE_SPOT_NXS_ETH,2018-06-06
BINANCE,BINANCE_SPOT_DREP_BTC,2020-01-16
BINANCE,BINANCE_SPOT_DREP_USDT,2020-01-16
BINANCE,BINANCE_SPOT_TCT_USDT,2020-01-21
BINANCE,BINANCE_SPOT_TCT_BTC,2020-01-21
BINANCE,BINANCE_SPOT_AGI_BNB,2018-06-05
BINANCE,BINANCE_SPOT_NAV_BNB,2017-12-27
BINANCE,BINANCE_SPOT_ZRX_BNB,2019-02-27
BINANCE,BINANCE_SPOT_WRX_BNB,2020-02-05
BINANCE,BINANCE_SPOT_WRX_USDT,2020-02-05
BINANCE,BINANCE_SPOT_WRX_BTC,2020-02-05
BINANCE,BINANCE_SPOT_FUEL_ETH,2017-11-23
BINANCE,BINANCE_SPOT_BNT_USDT,2020-02-06
BINANCE,BINANCE_SPOT_LSK_USDT,2020-02-06
BINANCE,BINANCE_SPOT_ICX_BUSD,2020-02-06
BINANCE,BINANCE_SPOT_BTS_USDT,2020-02-06
BINANCE,BINANCE_SPOT_BNT_BUSD,2020-02-06
BINANCE,BINANCE_SPOT_LTO_BTC,2020-02-07
BINANCE,BINANCE_SPOT_LTO_USDT,2020-02-07
BINANCE,BINANCE_SPOT_SKY_BNB,2018-05-24
BINANCE,BINANCE_SPOT_WAVES_BUSD,2020-02-11
BINANCE,BINANCE_SPOT_DASH_BUSD,2020-02-11
BINANCE,BINANCE_SPOT_XTZ_BUSD,2020-02-11
BINANCE,BINANCE_SPOT_ATOM_BUSD,2020-02-11
BINANCE,BINANCE_SPOT_NEO_BUSD,2020-02-11
BINANCE,BINANCE_SPOT_RVN_BUSD,2020-02-14
BINANCE,BINANCE_SPOT_ENJ_BUSD,2020-02-14
BINANCE,BINANCE_SPOT_BAT_BUSD,2020-02-14
BINANCE,BINANCE_SPOT_NANO_BUSD,2020-02-14
BINANCE,BINANCE_SPOT_ONT_BUSD,2020-02-14
BINANCE,BINANCE_SPOT_AION_USDT,2020-02-19
BINANCE,BINANCE_SPOT_NXS_BNB,2018-06-06
BINANCE,BINANCE_SPOT_MBL_BNB,2020-02-21
BINANCE,BINANCE_SPOT_MBL_USDT,2020-02-21
BINANCE,BINANCE_SPOT_COTI_BTC,2020-02-26
BINANCE,BINANCE_SPOT_COTI_USDT,2020-02-26
BINANCE,BINANCE_SPOT_COTI_BNB,2020-02-26
BINANCE,BINANCE_SPOT_ALGO_BUSD,2020-02-27
BINANCE,BINANCE_SPOT_ZEC_BUSD,2020-02-27
BINANCE,BINANCE_SPOT_TOMO_BUSD,2020-02-27
BINANCE,BINANCE_SPOT_XMR_BUSD,2020-02-27
BINANCE,BINANCE_SPOT_BTT_BUSD,2020-02-27
BINANCE,BINANCE_SPOT_KEY_BTC,2018-06-27
BINANCE,BINANCE_SPOT_ARDR_ETH,2018-07-18
BINANCE,BINANCE_SPOT_BTM_ETH,2017-08-09
BINANCE,BINANCE_SPOT_POA_BNB,2018-02-28
BINANCE,BINANCE_SPOT_LUN_ETH,2017-12-28
BINANCE,BINANCE_SPOT_HCC_BTC,2017-08-15
BINANCE,BINANCE_SPOT_MFT_BTC,2018-07-05
BINANCE,BINANCE_SPOT_HSR_BTC,2017-08-18
BINANCE,BINANCE_SPOT_HMCN_ETH,2018-08-20
BINANCE,BINANCE_SPOT_SYS_BNB,2018-03-28
BINANCE,BINANCE_SPOT_ICN_ETH,2017-08-23
BINANCE,BINANCE_SPOT_ELC_BTC,2017-08-24
BINANCE,BINANCE_SPOT_QLC_BNB,2018-04-02
BINANCE,BINANCE_SPOT_STPT_BTC,2020-03-25
BINANCE,BINANCE_SPOT_STPT_USDT,2020-03-25
BINANCE,BINANCE_SPOT_LLT_BTC,2017-08-30
BINANCE,BINANCE_SPOT_DATA_BUSD,2020-04-07
BINANCE,BINANCE_SPOT_WTC_USDT,2020-04-07
BINANCE,BINANCE_SPOT_DATA_USDT,2020-04-07
BINANCE,BINANCE_SPOT_POLY_BNB,2018-07-31
BINANCE,BINANCE_SPOT_SOL_BNB,2020-04-10
BINANCE,BINANCE_SPOT_SOL_BTC,2020-04-10
BINANCE,BINANCE_SPOT_SOL_BUSD,2020-04-10
BINANCE,BINANCE_SPOT_TROY_BTC,2019-12-05
BINANCE,BINANCE_SPOT_NAS_BNB,2018-06-28
BINANCE,BINANCE_SPOT_BNB_IDRT,2020-04-17
BINANCE,BINANCE_SPOT_USDT_IDRT,2020-04-17
BINANCE,BINANCE_SPOT_NPXS_USDT,2019-08-13
BINANCE,BINANCE_SPOT_CTSI_BNB,2020-04-23
BINANCE,BINANCE_SPOT_CTSI_USDT,2020-04-23
BINANCE,BINANCE_SPOT_CTSI_BTC,2020-04-23
BINANCE,BINANCE_SPOT_CTSI_BUSD,2020-04-23
BINANCE,BINANCE_SPOT_HIVE_BTC,2020-04-27
BINANCE,BINANCE_SPOT_HIVE_USDT,2020-04-27
BINANCE,BINANCE_SPOT_CTR_BTC,2017-09-29
BINANCE,BINANCE_SPOT_CTR_ETH,2017-09-29
BINANCE,BINANCE_SPOT_SALT_BTC,2017-09-30
BINANCE,BINANCE_SPOT_SALT_ETH,2017-09-30
BINANCE,BINANCE_SPOT_NEO_TUSD,2018-12-19
BINANCE,BINANCE_SPOT_GNT_BNB,2018-04-27
BINANCE,BINANCE_SPOT_CHR_BNB,2020-05-07
BINANCE,BINANCE_SPOT_CHR_USDT,2020-05-07
BINANCE,BINANCE_SPOT_CHR_BTC,2020-05-07
BINANCE,BINANCE_SPOT_BTCUP_USDT,2020-05-08
BINANCE,BINANCE_SPOT_SUB_BTC,2017-10-10
BINANCE,BINANCE_SPOT_SUB_ETH,2017-10-10
BINANCE,BINANCE_SPOT_NCASH_BNB,2018-02-26
BINANCE,BINANCE_SPOT_GXS_USDT,2020-05-13
BINANCE,BINANCE_SPOT_BTCDOWN_USDT,2020-05-14
BINANCE,BINANCE_SPOT_ARDR_USDT,2020-05-15
BINANCE,BINANCE_SPOT_WRX_BUSD,2020-05-22
BINANCE,BINANCE_SPOT_HBAR_BUSD,2020-05-22
BINANCE,BINANCE_SPOT_MATIC_BUSD,2020-05-22
BINANCE,BINANCE_SPOT_ZIL_BUSD,2020-05-22
BINANCE,BINANCE_SPOT_ICN_BTC,2017-10-23
BINANCE,BINANCE_SPOT_HSR_ETH,2017-10-31
BINANCE,BINANCE_SPOT_EOS_PAX,2018-11-29
BINANCE,BINANCE_SPOT_MOD_BTC,2017-11-03
BINANCE,BINANCE_SPOT_MOD_ETH,2017-11-03
BINANCE,BINANCE_SPOT_VEN_BNB,2017-11-06
BINANCE,BINANCE_SPOT_MDT_BTC,2020-06-05
BINANCE,BINANCE_SPOT_MDT_USDT,2020-06-05
BINANCE,BINANCE_SPOT_VEN_BTC,2017-11-07
BINANCE,BINANCE_SPOT_VEN_ETH,2017-11-07
BINANCE,BINANCE_SPOT_BCC_ETH,2017-11-11
BINANCE,BINANCE_SPOT_STMX_USDT,2020-06-11
BINANCE,BINANCE_SPOT_STMX_ETH,2020-06-11
BINANCE,BINANCE_SPOT_STMX_BNB,2020-06-11
BINANCE,BINANCE_SPOT_STMX_BTC,2020-06-11
BINANCE,BINANCE_SPOT_DCR_BNB,2018-10-24
BINANCE,BINANCE_SPOT_REP_USDT,2020-06-12
BINANCE,BINANCE_SPOT_KNC_BUSD,2020-06-12
BINANCE,BINANCE_SPOT_LRC_BUSD,2020-06-12
BINANCE,BINANCE_SPOT_LRC_USDT,2020-06-12
BINANCE,BINANCE_SPOT_KNC_USDT,2020-06-12
BINANCE,BINANCE_SPOT_USDC_TUSD,2019-01-08
BINANCE,BINANCE_SPOT_IQ_BNB,2020-06-18
BINANCE,BINANCE_SPOT_IQ_BUSD,2020-06-18
BINANCE,BINANCE_SPOT_BTC_GBP,2020-06-19
BINANCE,BINANCE_SPOT_GBP_BUSD,2020-06-19
BINANCE,BINANCE_SPOT_BNB_GBP,2020-06-19
BINANCE,BINANCE_SPOT_XRP_GBP,2020-06-19
BINANCE,BINANCE_SPOT_ETH_GBP,2020-06-19
BINANCE,BINANCE_SPOT_REP_BNB,2018-05-11
BINANCE,BINANCE_SPOT_PNT_BTC,2020-06-22
BINANCE,BINANCE_SPOT_PNT_USDT,2020-06-22
BINANCE,BINANCE_SPOT_DGB_BTC,2020-06-22
BINANCE,BINANCE_SPOT_DGB_BUSD,2020-06-22
BINANCE,BINANCE_SPOT_DGB_BNB,2020-06-22
BINANCE,BINANCE_SPOT_BTC_UAH,2020-06-24
BINANCE,BINANCE_SPOT_USDT_UAH,2020-06-24
BINANCE,BINANCE_SPOT_COMP_BTC,2020-06-25
BINANCE,BINANCE_SPOT_COMP_BUSD,2020-06-25
BINANCE,BINANCE_SPOT_COMP_USDT,2020-06-25
BINANCE,BINANCE_SPOT_GO_BNB,2018-09-12
BINANCE,BINANCE_SPOT_XLM_TUSD,2018-12-06
BINANCE,BINANCE_SPOT_ONE_USDC,2019-05-28
BINANCE,BINANCE_SPOT_BTT_PAX,2019-02-15
BINANCE,BINANCE_SPOT_BTC_BIDR,2020-06-30
BINANCE,BINANCE_SPOT_BUSD_BIDR,2020-06-30
BINANCE,BINANCE_SPOT_BNB_BIDR,2020-06-30
BINANCE,BINANCE_SPOT_USDT_BIDR,2020-06-30
BINANCE,BINANCE_SPOT_ETH_BIDR,2020-06-30
BINANCE,BINANCE_SPOT_REN_BNB,2018-12-06
BINANCE,BINANCE_SPOT_ZEN_USDT,2020-07-06
BINANCE,BINANCE_SPOT_SC_USDT,2020-07-06
BINANCE,BINANCE_SPOT_SXP_BNB,2020-07-07
BINANCE,BINANCE_SPOT_SXP_BTC,2020-07-07
BINANCE,BINANCE_SPOT_SXP_BUSD,2020-07-07
BINANCE,BINANCE_SPOT_CVC_BNB,2018-05-28
BINANCE,BINANCE_SPOT_USDC_PAX,2019-01-08
BINANCE,BINANCE_SPOT_SNX_BTC,2020-07-09
BINANCE,BINANCE_SPOT_SNX_BNB,2020-07-09
BINANCE,BINANCE_SPOT_SNX_USDT,2020-07-09
BINANCE,BINANCE_SPOT_SNX_BUSD,2020-07-09
BINANCE,BINANCE_SPOT_BTC_IDRT,2020-04-17
BINANCE,BINANCE_SPOT_ETHUP_USDT,2020-07-13
BINANCE,BINANCE_SPOT_ETHDOWN_USDT,2020-07-13
BINANCE,BINANCE_SPOT_LINKUP_USDT,2020-07-16
BINANCE,BINANCE_SPOT_LINKDOWN_USDT,2020-07-16
BINANCE,BINANCE_SPOT_ADAUP_USDT,2020-07-16
BINANCE,BINANCE_SPOT_ADADOWN_USDT,2020-07-16
BINANCE,BINANCE_SPOT_VTHO_USDT,2020-07-17
BINANCE,BINANCE_SPOT_VTHO_BNB,2020-07-17
BINANCE,BINANCE_SPOT_LEND_BNB,2017-12-19
BINANCE,BINANCE_SPOT_WAVES_USDC,2019-01-18
BINANCE,BINANCE_SPOT_GBP_USDT,2020-07-20
BINANCE,BINANCE_SPOT_STORJ_BUSD,2020-07-20
BINANCE,BINANCE_SPOT_SXP_USDT,2020-07-20
BINANCE,BINANCE_SPOT_DGB_USDT,2020-07-20
BINANCE,BINANCE_SPOT_TOMO_BNB,2019-08-24
BINANCE,BINANCE_SPOT_IRIS_BTC,2020-07-21
BINANCE,BINANCE_SPOT_PAX_TUSD,2019-01-08
BINANCE,BINANCE_SPOT_MKR_USDT,2020-07-23
BINANCE,BINANCE_SPOT_MKR_BUSD,2020-07-23
BINANCE,BINANCE_SPOT_MKR_BTC,2020-07-23
BINANCE,BINANCE_SPOT_RUNE_BNB,2020-07-24
BINANCE,BINANCE_SPOT_RUNE_BUSD,2020-07-24
BINANCE,BINANCE_SPOT_RUNE_BTC,2020-07-24
BINANCE,BINANCE_SPOT_WINGS_BTC,2017-12-26
BINANCE,BINANCE_SPOT_WINGS_ETH,2017-12-26
BINANCE,BINANCE_SPOT_ARDR_BNB,2018-07-18
BINANCE,BINANCE_SPOT_TRIG_BTC,2017-12-29
BINANCE,BINANCE_SPOT_TRIG_ETH,2017-12-29
BINANCE,BINANCE_SPOT_TRIG_BNB,2017-12-29
BINANCE,BINANCE_SPOT_ZRX_BUSD,2020-07-30
BINANCE,BINANCE_SPOT_MANA_BUSD,2020-07-30
BINANCE,BINANCE_SPOT_STORJ_USDT,2020-07-30
BINANCE,BINANCE_SPOT_DCR_USDT,2020-07-30
BINANCE,BINANCE_SPOT_DOGE_BUSD,2020-07-30
BINANCE,BINANCE_SPOT_FIO_BTC,2020-07-31
BINANCE,BINANCE_SPOT_FIO_BUSD,2020-07-31
BINANCE,BINANCE_SPOT_FIO_BNB,2020-07-31
BINANCE,BINANCE_SPOT_AUD_BUSD,2020-07-31
BINANCE,BINANCE_SPOT_ETH_AUD,2020-07-31
BINANCE,BINANCE_SPOT_BTC_AUD,2020-07-31
BINANCE,BINANCE_SPOT_USDS_USDT,2019-02-14
BINANCE,BINANCE_SPOT_AVA_BUSD,2020-08-05
BINANCE,BINANCE_SPOT_AVA_BTC,2020-08-05
BINANCE,BINANCE_SPOT_AVA_BNB,2020-08-05
BINANCE,BINANCE_SPOT_BNBDOWN_USDT,2020-08-06
BINANCE,BINANCE_SPOT_BNBUP_USDT,2020-08-06
BINANCE,BINANCE_SPOT_IOTA_BUSD,2020-08-06
BINANCE,BINANCE_SPOT_MANA_USDT,2020-08-06
BINANCE,BINANCE_SPOT_BAL_BUSD,2020-08-06
BINANCE,BINANCE_SPOT_BAL_BTC,2020-08-06
BINANCE,BINANCE_SPOT_BNB_AUD,2020-08-07
BINANCE,BINANCE_SPOT_XRP_AUD,2020-08-07
BINANCE,BINANCE_SPOT_AUD_USDT,2020-08-07
BINANCE,BINANCE_SPOT_XTZDOWN_USDT,2020-08-07
BINANCE,BINANCE_SPOT_XTZUP_USDT,2020-08-07
BINANCE,BINANCE_SPOT_LINK_PAX,2019-01-16
BINANCE,BINANCE_SPOT_YFI_BTC,2020-08-10
BINANCE,BINANCE_SPOT_YFI_BUSD,2020-08-10
BINANCE,BINANCE_SPOT_YFI_USDT,2020-08-10
BINANCE,BINANCE_SPOT_KMD_USDT,2020-08-11
BINANCE,BINANCE_SPOT_JST_USDT,2020-08-11
BINANCE,BINANCE_SPOT_USDT_DAI,2020-08-11
BINANCE,BINANCE_SPOT_SOL_USDT,2020-08-11
BINANCE,BINANCE_SPOT_BNB_DAI,2020-08-11
BINANCE,BINANCE_SPOT_JST_BTC,2020-08-11
BINANCE,BINANCE_SPOT_ETH_DAI,2020-08-11
BINANCE,BINANCE_SPOT_JST_BUSD,2020-08-11
BINANCE,BINANCE_SPOT_BAL_USDT,2020-08-11
BINANCE,BINANCE_SPOT_BLZ_USDT,2020-08-11
BINANCE,BINANCE_SPOT_IRIS_USDT,2020-08-11
BINANCE,BINANCE_SPOT_BTC_DAI,2020-08-11
BINANCE,BINANCE_SPOT_SRM_USDT,2020-08-11
BINANCE,BINANCE_SPOT_SRM_BTC,2020-08-11
BINANCE,BINANCE_SPOT_SRM_BNB,2020-08-11
BINANCE,BINANCE_SPOT_SRM_BUSD,2020-08-11
BINANCE,BINANCE_SPOT_BUSD_DAI,2020-08-11
BINANCE,BINANCE_SPOT_XZC_XRP,2018-12-24
BINANCE,BINANCE_SPOT_ANT_USDT,2020-08-13
BINANCE,BINANCE_SPOT_ANT_BNB,2020-08-13
BINANCE,BINANCE_SPOT_ANT_BTC,2020-08-13
BINANCE,BINANCE_SPOT_ANT_BUSD,2020-08-13
BINANCE,BINANCE_SPOT_SAND_USDT,2020-08-14
BINANCE,BINANCE_SPOT_SAND_BNB,2020-08-14
BINANCE,BINANCE_SPOT_SAND_BTC,2020-08-14
BINANCE,BINANCE_SPOT_SAND_BUSD,2020-08-14
BINANCE,BINANCE_SPOT_CRV_BTC,2020-08-15
BINANCE,BINANCE_SPOT_CRV_USDT,2020-08-15
BINANCE,BINANCE_SPOT_CRV_BUSD,2020-08-15
BINANCE,BINANCE_SPOT_XLM_PAX,2018-11-29
BINANCE,BINANCE_SPOT_BGBP_USDC,2019-07-22
BINANCE,BINANCE_SPOT_OCEAN_BUSD,2020-08-17
BINANCE,BINANCE_SPOT_OCEAN_BNB,2020-08-17
BINANCE,BINANCE_SPOT_OCEAN_BTC,2020-08-17
BINANCE,BINANCE_SPOT_NMR_BUSD,2020-08-17
BINANCE,BINANCE_SPOT_NMR_BTC,2020-08-17
BINANCE,BINANCE_SPOT_NMR_BNB,2020-08-17
BINANCE,BINANCE_SPOT_DOT_BUSD,2020-08-18
BINANCE,BINANCE_SPOT_DOT_USDT,2020-08-18
BINANCE,BINANCE_SPOT_DOT_BTC,2020-08-18
BINANCE,BINANCE_SPOT_DOT_BNB,2020-08-18
BINANCE,BINANCE_SPOT_OCEAN_USDT,2020-08-19
BINANCE,BINANCE_SPOT_LUNA_BTC,2020-08-19
BINANCE,BINANCE_SPOT_LUNA_BNB,2020-08-19
BINANCE,BINANCE_SPOT_LUNA_BUSD,2020-08-19
BINANCE,BINANCE_SPOT_NMR_USDT,2020-08-19
BINANCE,BINANCE_SPOT_LUNA_USDT,2020-08-21
BINANCE,BINANCE_SPOT_IDEX_BUSD,2020-08-22
BINANCE,BINANCE_SPOT_IDEX_BTC,2020-08-22
BINANCE,BINANCE_SPOT_RSR_BUSD,2020-08-25
BINANCE,BINANCE_SPOT_RSR_BNB,2020-08-25
BINANCE,BINANCE_SPOT_RSR_BTC,2020-08-25
BINANCE,BINANCE_SPOT_WNXM_BTC,2020-08-26
BINANCE,BINANCE_SPOT_PAXG_BNB,2020-08-26
BINANCE,BINANCE_SPOT_PAXG_BTC,2020-08-26
BINANCE,BINANCE_SPOT_RSR_USDT,2020-08-27
BINANCE,BINANCE_SPOT_TRB_BTC,2020-08-27
BINANCE,BINANCE_SPOT_TRB_BUSD,2020-08-27
BINANCE,BINANCE_SPOT_WNXM_USDT,2020-08-28
BINANCE,BINANCE_SPOT_SXP_AUD,2020-08-28
BINANCE,BINANCE_SPOT_LINK_AUD,2020-08-28
BINANCE,BINANCE_SPOT_DOT_BIDR,2020-08-28
BINANCE,BINANCE_SPOT_PAXG_USDT,2020-08-28
BINANCE,BINANCE_SPOT_BZRX_BUSD,2020-08-29
BINANCE,BINANCE_SPOT_TRB_USDT,2020-08-29
BINANCE,BINANCE_SPOT_BZRX_BTC,2020-08-29
BINANCE,BINANCE_SPOT_CHAT_BTC,2018-01-31
BINANCE,BINANCE_SPOT_CHAT_ETH,2018-01-31
BINANCE,BINANCE_SPOT_ETH_NGN,2020-08-28
BINANCE,BINANCE_SPOT_BZRX_USDT,2020-08-31
BINANCE,BINANCE_SPOT_WBTC_ETH,2020-08-31
BINANCE,BINANCE_SPOT_WBTC_BTC,2020-08-31
BINANCE,BINANCE_SPOT_WAVES_TUSD,2019-01-18
BINANCE,BINANCE_SPOT_YFII_USDT,2020-09-01
BINANCE,BINANCE_SPOT_SUSHI_BTC,2020-09-01
BINANCE,BINANCE_SPOT_YFII_BNB,2020-09-01
BINANCE,BINANCE_SPOT_SUSHI_USDT,2020-09-01
BINANCE,BINANCE_SPOT_YFII_BUSD,2020-09-01
BINANCE,BINANCE_SPOT_YFII_BTC,2020-09-01
BINANCE,BINANCE_SPOT_SUSHI_BNB,2020-09-01
BINANCE,BINANCE_SPOT_SUSHI_BUSD,2020-09-01
BINANCE,BINANCE_SPOT_NPXS_BTC,2018-06-21
BINANCE,BINANCE_SPOT_KSM_BNB,2020-09-02
BINANCE,BINANCE_SPOT_KSM_BUSD,2020-09-02
BINANCE,BINANCE_SPOT_KSM_BTC,2020-09-02
BINANCE,BINANCE_SPOT_DIA_BUSD,2020-09-02
BINANCE,BINANCE_SPOT_DIA_BTC,2020-09-02
BINANCE,BINANCE_SPOT_EGLD_USDT,2020-09-03
BINANCE,BINANCE_SPOT_EGLD_BUSD,2020-09-03
BINANCE,BINANCE_SPOT_EGLD_BNB,2020-09-03
BINANCE,BINANCE_SPOT_EGLD_BTC,2020-09-03
BINANCE,BINANCE_SPOT_FIO_USDT,2020-09-04
BINANCE,BINANCE_SPOT_RUNE_USDT,2020-09-04
BINANCE,BINANCE_SPOT_KSM_USDT,2020-09-04
BINANCE,BINANCE_SPOT_DIA_USDT,2020-09-04
BINANCE,BINANCE_SPOT_UMA_USDT,2020-09-09
BINANCE,BINANCE_SPOT_UMA_BTC,2020-09-09
BINANCE,BINANCE_SPOT_EOSUP_USDT,2020-09-10
BINANCE,BINANCE_SPOT_TRXDOWN_USDT,2020-09-10
BINANCE,BINANCE_SPOT_TRXUP_USDT,2020-09-10
BINANCE,BINANCE_SPOT_EOSDOWN_USDT,2020-09-10
BINANCE,BINANCE_SPOT_RPX_BTC,2018-02-12
BINANCE,BINANCE_SPOT_RPX_ETH,2018-02-12
BINANCE,BINANCE_SPOT_RPX_BNB,2018-02-12
BINANCE,BINANCE_SPOT_DOTDOWN_USDT,2020-09-11
BINANCE,BINANCE_SPOT_XRPDOWN_USDT,2020-09-11
BINANCE,BINANCE_SPOT_XRPUP_USDT,2020-09-11
BINANCE,BINANCE_SPOT_DOTUP_USDT,2020-09-11
BINANCE,BINANCE_SPOT_LINK_TRY,2020-09-11
BINANCE,BINANCE_SPOT_USDT_NGN,2020-09-11
BINANCE,BINANCE_SPOT_BEL_BUSD,2020-09-15
BINANCE,BINANCE_SPOT_BEL_BNB,2020-09-15
BINANCE,BINANCE_SPOT_BEL_BTC,2020-09-15
BINANCE,BINANCE_SPOT_BEL_USDT,2020-09-15
BINANCE,BINANCE_SPOT_WING_USDT,2020-09-16
BINANCE,BINANCE_SPOT_WING_BUSD,2020-09-16
BINANCE,BINANCE_SPOT_WING_BTC,2020-09-16
BINANCE,BINANCE_SPOT_LTCDOWN_USDT,2020-09-16
BINANCE,BINANCE_SPOT_LTCUP_USDT,2020-09-16
BINANCE,BINANCE_SPOT_SXP_EUR,2020-09-16
BINANCE,BINANCE_SPOT_CREAM_BNB,2020-09-16
BINANCE,BINANCE_SPOT_CREAM_BUSD,2020-09-16
BINANCE,BINANCE_SPOT_UNI_BNB,2020-09-17
BINANCE,BINANCE_SPOT_UNI_BUSD,2020-09-17
BINANCE,BINANCE_SPOT_UNI_USDT,2020-09-17
BINANCE,BINANCE_SPOT_UNI_BTC,2020-09-17
BINANCE,BINANCE_SPOT_DENT_BTC,2018-07-06
BINANCE,BINANCE_SPOT_ZEC_TUSD,2019-03-20
BINANCE,BINANCE_SPOT_OXT_BTC,2020-09-21
BINANCE,BINANCE_SPOT_OXT_USDT,2020-09-21
BINANCE,BINANCE_SPOT_NBS_USDT,2020-09-21
BINANCE,BINANCE_SPOT_SUN_USDT,2020-09-21
BINANCE,BINANCE_SPOT_AVAX_BUSD,2020-09-22
BINANCE,BINANCE_SPOT_AVAX_USDT,2020-09-22
BINANCE,BINANCE_SPOT_AVAX_BTC,2020-09-22
BINANCE,BINANCE_SPOT_AVAX_BNB,2020-09-22
BINANCE,BINANCE_SPOT_HNT_USDT,2020-09-24
BINANCE,BINANCE_SPOT_HNT_BTC,2020-09-24
BINANCE,BINANCE_SPOT_BURGER_BNB,2020-09-24
BINANCE,BINANCE_SPOT_BAKE_BNB,2020-09-24
BINANCE,BINANCE_SPOT_SXP_BIDR,2020-09-25
BINANCE,BINANCE_SPOT_FLM_BTC,2020-09-28
BINANCE,BINANCE_SPOT_FLM_USDT,2020-09-28
BINANCE,BINANCE_SPOT_FLM_BUSD,2020-09-28
BINANCE,BINANCE_SPOT_CAKE_BUSD,2020-09-29
BINANCE,BINANCE_SPOT_CAKE_BNB,2020-09-29
BINANCE,BINANCE_SPOT_SPARTA_BNB,2020-09-29
BINANCE,BINANCE_SPOT_ONG_BNB,2019-02-16
BINANCE,BINANCE_SPOT_SCRT_BTC,2020-09-30
BINANCE,BINANCE_SPOT_SCRT_ETH,2020-09-30
BINANCE,BINANCE_SPOT_ORN_USDT,2020-09-30
BINANCE,BINANCE_SPOT_ORN_BTC,2020-09-30
BINANCE,BINANCE_SPOT_UNIUP_USDT,2020-09-30
BINANCE,BINANCE_SPOT_UNIDOWN_USDT,2020-09-30
BINANCE,BINANCE_SPOT_SXP_TRY,2020-10-01
BINANCE,BINANCE_SPOT_UTK_USDT,2020-10-02
BINANCE,BINANCE_SPOT_UTK_BTC,2020-10-02
BINANCE,BINANCE_SPOT_TRX_NGN,2020-10-01
BINANCE,BINANCE_SPOT_NKN_BNB,2019-10-11
BINANCE,BINANCE_SPOT_VSX_USDT,2020-10-06
BINANCE,BINANCE_SPOT_VSX_BUSD,2020-10-06
BINANCE,BINANCE_SPOT_VSX_BTC,2020-10-06
BINANCE,BINANCE_SPOT_VSX_BNB,2020-10-06
BINANCE,BINANCE_SPOT_VIDT_BUSD,2020-10-09
BINANCE,BINANCE_SPOT_VIDT_BTC,2020-10-09
BINANCE,BINANCE_SPOT_ALPHA_BTC,2020-10-10
BINANCE,BINANCE_SPOT_ALPHA_BUSD,2020-10-10
BINANCE,BINANCE_SPOT_ALPHA_BNB,2020-10-10
BINANCE,BINANCE_SPOT_ALPHA_USDT,2020-10-10
BINANCE,BINANCE_SPOT_ERD_BNB,2019-07-02
BINANCE,BINANCE_SPOT_ERD_BTC,2019-07-02
BINANCE,BINANCE_SPOT_ERD_USDT,2019-07-02
BINANCE,BINANCE_SPOT_BTC_BRL,2020-10-13
BINANCE,BINANCE_SPOT_USDT_BRL,2020-10-13
BINANCE,BINANCE_SPOT_NEAR_BTC,2020-10-14
BINANCE,BINANCE_SPOT_NEAR_BNB,2020-10-14
BINANCE,BINANCE_SPOT_NEAR_BUSD,2020-10-14
BINANCE,BINANCE_SPOT_NEAR_USDT,2020-10-14
BINANCE,BINANCE_SPOT_AAVE_BUSD,2020-10-15
BINANCE,BINANCE_SPOT_AAVE_BNB,2020-10-15
BINANCE,BINANCE_SPOT_AAVE_USDT,2020-10-15
BINANCE,BINANCE_SPOT_AAVE_ETH,2020-10-15
BINANCE,BINANCE_SPOT_AAVE_BTC,2020-10-15
BINANCE,BINANCE_SPOT_SXP_GBP,2020-10-15
BINANCE,BINANCE_SPOT_FIL_BNB,2020-10-15
BINANCE,BINANCE_SPOT_FIL_BTC,2020-10-15
BINANCE,BINANCE_SPOT_FIL_USDT,2020-10-15
BINANCE,BINANCE_SPOT_FIL_BUSD,2020-10-15
BINANCE,BINANCE_SPOT_MKR_BNB,2020-07-23
BINANCE,BINANCE_SPOT_FILUP_USDT,2020-10-20
BINANCE,BINANCE_SPOT_FILDOWN_USDT,2020-10-20
BINANCE,BINANCE_SPOT_INJ_USDT,2020-10-21
BINANCE,BINANCE_SPOT_INJ_BTC,2020-10-21
BINANCE,BINANCE_SPOT_INJ_BUSD,2020-10-21
BINANCE,BINANCE_SPOT_INJ_BNB,2020-10-21
BINANCE,BINANCE_SPOT_AERGO_BUSD,2020-10-21
BINANCE,BINANCE_SPOT_AERGO_BTC,2020-10-21
BINANCE,BINANCE_SPOT_LINK_EUR,2020-10-23
BINANCE,BINANCE_SPOT_ONE_BUSD,2020-10-23
BINANCE,BINANCE_SPOT_AUDIO_USDT,2020-10-23
BINANCE,BINANCE_SPOT_AUDIO_BUSD,2020-10-23
BINANCE,BINANCE_SPOT_AUDIO_BTC,2020-10-23
BINANCE,BINANCE_SPOT_HMCN_USDT,2019-09-25
BINANCE,BINANCE_SPOT_CTK_USDT,2020-10-27
BINANCE,BINANCE_SPOT_CTK_BNB,2020-10-27
BINANCE,BINANCE_SPOT_CTK_BTC,2020-10-27
BINANCE,BINANCE_SPOT_CTK_BUSD,2020-10-27
BINANCE,BINANCE_SPOT_BCHDOWN_USDT,2020-10-28
BINANCE,BINANCE_SPOT_BCHUP_USDT,2020-10-28
BINANCE,BINANCE_SPOT_NEO_PAX,2019-03-27
BINANCE,BINANCE_SPOT_DOT_EUR,2020-10-30
BINANCE,BINANCE_SPOT_ETH_BRL,2020-10-30
BINANCE,BINANCE_SPOT_YFIUP_USDT,2020-10-21
BINANCE,BINANCE_SPOT_YFIDOWN_USDT,2020-10-21
BINANCE,BINANCE_SPOT_SXPDOWN_USDT,2020-10-15
BINANCE,BINANCE_SPOT_SXPUP_USDT,2020-10-15
BINANCE,BINANCE_SPOT_AKRO_USDT,2020-11-02
BINANCE,BINANCE_SPOT_AKRO_BTC,2020-11-02
BINANCE,BINANCE_SPOT_YFI_BNB,2020-08-10
BINANCE,BINANCE_SPOT_KP3R_BNB,2020-11-03
BINANCE,BINANCE_SPOT_KP3R_BUSD,2020-11-03
BINANCE,BINANCE_SPOT_JST_BNB,2020-08-11
BINANCE,BINANCE_SPOT_AXS_BNB,2020-11-04
BINANCE,BINANCE_SPOT_AXS_USDT,2020-11-04
BINANCE,BINANCE_SPOT_AXS_BUSD,2020-11-04
BINANCE,BINANCE_SPOT_AXS_BTC,2020-11-04
BINANCE,BINANCE_SPOT_HARD_BNB,2020-11-06
BINANCE,BINANCE_SPOT_HARD_USDT,2020-11-06
BINANCE,BINANCE_SPOT_HARD_BTC,2020-11-06
BINANCE,BINANCE_SPOT_HARD_BUSD,2020-11-06
BINANCE,BINANCE_SPOT_LTC_EUR,2020-11-06
BINANCE,BINANCE_SPOT_BNB_BRL,2020-11-06
BINANCE,BINANCE_SPOT_CRV_BNB,2020-08-15
BINANCE,BINANCE_SPOT_RENBTC_BTC,2020-11-09
BINANCE,BINANCE_SPOT_DNT_BUSD,2020-11-10
BINANCE,BINANCE_SPOT_DNT_USDT,2020-11-10
BINANCE,BINANCE_SPOT_SLP_ETH,2020-11-10
BINANCE,BINANCE_SPOT_ADA_EUR,2020-11-13
BINANCE,BINANCE_SPOT_CLOAK_ETH,2018-04-18
BINANCE,BINANCE_SPOT_CLOAK_BTC,2018-04-18
BINANCE,BINANCE_SPOT_CVP_BUSD,2020-11-16
BINANCE,BINANCE_SPOT_CVP_ETH,2020-11-16
BINANCE,BINANCE_SPOT_LTC_NGN,2020-11-13
BINANCE,BINANCE_SPOT_FOR_BTC,2020-11-17
BINANCE,BINANCE_SPOT_FOR_BUSD,2020-11-17
BINANCE,BINANCE_SPOT_STRAX_BTC,2020-11-18
BINANCE,BINANCE_SPOT_STRAX_BUSD,2020-11-18
BINANCE,BINANCE_SPOT_STRAX_USDT,2020-11-18
BINANCE,BINANCE_SPOT_STRAX_ETH,2020-11-18
BINANCE,BINANCE_SPOT_FRONT_BUSD,2020-11-18
BINANCE,BINANCE_SPOT_UNFI_BUSD,2020-11-19
BINANCE,BINANCE_SPOT_UNFI_USDT,2020-11-19
BINANCE,BINANCE_SPOT_UNFI_BTC,2020-11-19
BINANCE,BINANCE_SPOT_XLM_USDC,2018-12-15
BINANCE,BINANCE_SPOT_WNXM_BNB,2020-08-26
BINANCE,BINANCE_SPOT_ROSE_BTC,2020-11-19
BINANCE,BINANCE_SPOT_ROSE_BUSD,2020-11-19
BINANCE,BINANCE_SPOT_ROSE_USDT,2020-11-19
BINANCE,BINANCE_SPOT_BUSD_BRL,2020-11-20
BINANCE,BINANCE_SPOT_AVAX_TRY,2020-11-20
BINANCE,BINANCE_SPOT_XEM_USDT,2020-11-24
BINANCE,BINANCE_SPOT_SYS_BUSD,2020-11-24
BINANCE,BINANCE_SPOT_AVA_USDT,2020-11-24
BINANCE,BINANCE_SPOT_HEGIC_BUSD,2020-11-25
BINANCE,BINANCE_SPOT_HEGIC_ETH,2020-11-25
BINANCE,BINANCE_SPOT_PROM_BUSD,2020-11-26
BINANCE,BINANCE_SPOT_PROM_BNB,2020-11-26
BINANCE,BINANCE_SPOT_XRP_BRL,2020-11-26
BINANCE,BINANCE_SPOT_SWRV_BNB,2020-09-15
BINANCE,BINANCE_SPOT_SWRV_BUSD,2020-09-15
BINANCE,BINANCE_SPOT_BTC_USDS,2019-02-06
BINANCE,BINANCE_SPOT_BNB_USDS,2019-02-06
BINANCE,BINANCE_SPOT_ALGO_PAX,2019-06-21
BINANCE,BINANCE_SPOT_XRP_NGN,2020-11-26
BINANCE,BINANCE_SPOT_SKL_BTC,2020-12-01
BINANCE,BINANCE_SPOT_SKL_USDT,2020-12-01
BINANCE,BINANCE_SPOT_SKL_BUSD,2020-12-01
BINANCE,BINANCE_SPOT_ZIL_BIDR,2020-12-02
BINANCE,BINANCE_SPOT_BCH_EUR,2020-12-02
BINANCE,BINANCE_SPOT_YFI_EUR,2020-12-02
BINANCE,BINANCE_SPOT_ADA_PAX,2019-03-26
BINANCE,BINANCE_SPOT_SUSD_USDT,2020-12-04
BINANCE,BINANCE_SPOT_BCN_BTC,2018-05-08
BINANCE,BINANCE_SPOT_BCN_BNB,2018-05-08
BINANCE,BINANCE_SPOT_ETH_ZAR,2020-03-27
BINANCE,BINANCE_SPOT_USDT_ZAR,2020-03-27
BINANCE,BINANCE_SPOT_BTC_ZAR,2020-03-27
BINANCE,BINANCE_SPOT_BUSD_ZAR,2020-03-27
BINANCE,BINANCE_SPOT_BNB_ZAR,2020-03-27
BINANCE,BINANCE_SPOT_GHST_ETH,2020-12-08
BINANCE,BINANCE_SPOT_GHST_BUSD,2020-12-08
BINANCE,BINANCE_SPOT_BAT_TUSD,2019-05-07
BINANCE,BINANCE_SPOT_WING_BNB,2020-09-16
BINANCE,BINANCE_SPOT_GLM_ETH,2020-12-10
BINANCE,BINANCE_SPOT_GLM_BTC,2020-12-10
BINANCE,BINANCE_SPOT_SUSHIDOWN_USDT,2020-12-10
BINANCE,BINANCE_SPOT_SUSHIUP_USDT,2020-12-10
BINANCE,BINANCE_SPOT_XLMDOWN_USDT,2020-12-11
BINANCE,BINANCE_SPOT_XLMUP_USDT,2020-12-11
BINANCE,BINANCE_SPOT_LINK_BRL,2020-12-11
BINANCE,BINANCE_SPOT_LTC_RUB,2020-12-11
BINANCE,BINANCE_SPOT_DF_BUSD,2020-12-11
BINANCE,BINANCE_SPOT_TRX_TRY,2020-12-11
BINANCE,BINANCE_SPOT_XLM_EUR,2020-12-11
BINANCE,BINANCE_SPOT_OMG_BNB,2019-04-02
BINANCE,BINANCE_SPOT_GRT_ETH,2020-12-17
BINANCE,BINANCE_SPOT_GRT_USDT,2020-12-17
BINANCE,BINANCE_SPOT_GRT_BTC,2020-12-17
BINANCE,BINANCE_SPOT_TUSD_BTC,2018-05-22
BINANCE,BINANCE_SPOT_TUSD_ETH,2018-05-22
BINANCE,BINANCE_SPOT_TUSD_BNB,2018-05-22
BINANCE,BINANCE_SPOT_ZEC_PAX,2019-03-20
BINANCE,BINANCE_SPOT_PSG_BUSD,2020-12-21
BINANCE,BINANCE_SPOT_JUV_BUSD,2020-12-21
BINANCE,BINANCE_SPOT_PSG_BTC,2020-12-21
BINANCE,BINANCE_SPOT_JUV_USDT,2020-12-21
BINANCE,BINANCE_SPOT_PSG_USDT,2020-12-21
BINANCE,BINANCE_SPOT_JUV_BTC,2020-12-21
BINANCE,BINANCE_SPOT_ATOM_TUSD,2019-05-06
BINANCE,BINANCE_SPOT_1INCH_BTC,2020-12-25
BINANCE,BINANCE_SPOT_1INCH_USDT,2020-12-25
BINANCE,BINANCE_SPOT_TFUEL_BNB,2019-05-24
BINANCE,BINANCE_SPOT_AAVEDOWN_USDT,2020-11-26
BINANCE,BINANCE_SPOT_AAVEUP_USDT,2020-11-26
BINANCE,BINANCE_SPOT_REEF_USDT,2020-12-29
BINANCE,BINANCE_SPOT_REEF_BTC,2020-12-29
BINANCE,BINANCE_SPOT_OG_BTC,2020-12-30
BINANCE,BINANCE_SPOT_ATM_BTC,2020-12-30
BINANCE,BINANCE_SPOT_ASR_USDT,2020-12-30
BINANCE,BINANCE_SPOT_OG_USDT,2020-12-30
BINANCE,BINANCE_SPOT_ASR_BTC,2020-12-30
BINANCE,BINANCE_SPOT_ATM_USDT,2020-12-30
BINANCE,BINANCE_SPOT_CELO_USDT,2021-01-05
BINANCE,BINANCE_SPOT_CELO_BTC,2021-01-05
BINANCE,BINANCE_SPOT_MCO_USDT,2019-11-19
BINANCE,BINANCE_SPOT_RIF_USDT,2021-01-07
BINANCE,BINANCE_SPOT_RIF_BTC,2021-01-07
BINANCE,BINANCE_SPOT_LINK_GBP,2021-01-08
BINANCE,BINANCE_SPOT_CHZ_TRY,2021-01-08
BINANCE,BINANCE_SPOT_GRT_EUR,2021-01-08
BINANCE,BINANCE_SPOT_XLM_TRY,2021-01-08
BINANCE,BINANCE_SPOT_BTCST_USDT,2021-01-13
BINANCE,BINANCE_SPOT_BTCST_BUSD,2021-01-13
BINANCE,BINANCE_SPOT_BTCST_BTC,2021-01-13
BINANCE,BINANCE_SPOT_DIA_BNB,2020-09-02
BINANCE,BINANCE_SPOT_MBL_BTC,2020-02-21
BINANCE,BINANCE_SPOT_TRU_USDT,2021-01-19
BINANCE,BINANCE_SPOT_TRU_BTC,2021-01-19
BINANCE,BINANCE_SPOT_VEN_USDT,2018-06-22
BINANCE,BINANCE_SPOT_USDS_USDC,2019-02-14
BINANCE,BINANCE_SPOT_DEXE_ETH,2021-01-21
BINANCE,BINANCE_SPOT_DEXE_BUSD,2021-01-21
BINANCE,BINANCE_SPOT_DOGE_BNB,2019-07-05
BINANCE,BINANCE_SPOT_USDC_BUSD,2021-01-25
BINANCE,BINANCE_SPOT_LTC_BRL,2021-01-25
BINANCE,BINANCE_SPOT_TUSD_BUSD,2021-01-25
BINANCE,BINANCE_SPOT_EOS_EUR,2021-01-25
BINANCE,BINANCE_SPOT_USDT_BVND,2020-12-18
BINANCE,BINANCE_SPOT_BUSD_BVND,2020-12-18
BINANCE,BINANCE_SPOT_CKB_USDT,2021-01-26
BINANCE,BINANCE_SPOT_CKB_BUSD,2021-01-26
BINANCE,BINANCE_SPOT_CKB_BTC,2021-01-26
BINANCE,BINANCE_SPOT_TWT_BTC,2021-01-27
BINANCE,BINANCE_SPOT_TWT_USDT,2021-01-27
BINANCE,BINANCE_SPOT_TWT_BUSD,2021-01-27
BINANCE,BINANCE_SPOT_NBS_BTC,2020-09-21
BINANCE,BINANCE_SPOT_FIRO_BTC,2021-01-29
BINANCE,BINANCE_SPOT_FIRO_USDT,2021-01-29
BINANCE,BINANCE_SPOT_FIRO_ETH,2021-01-29
BINANCE,BINANCE_SPOT_DOGE_EUR,2021-01-29
BINANCE,BINANCE_SPOT_DOGE_TRY,2021-01-29
BINANCE,BINANCE_SPOT_BETH_ETH,2021-01-29
BINANCE,BINANCE_SPOT_SUN_BTC,2020-09-21
BINANCE,BINANCE_SPOT_DOGE_BRL,2021-02-02
BINANCE,BINANCE_SPOT_DOGE_AUD,2021-02-02
BINANCE,BINANCE_SPOT_PROS_ETH,2021-02-03
BINANCE,BINANCE_SPOT_LIT_BUSD,2021-02-04
BINANCE,BINANCE_SPOT_LIT_USDT,2021-02-04
BINANCE,BINANCE_SPOT_LIT_BTC,2021-02-04
BINANCE,BINANCE_SPOT_BUSD_VAI,2021-02-04
BINANCE,BINANCE_SPOT_PHB_BNB,2019-05-23
BINANCE,BINANCE_SPOT_USDS_TUSD,2019-02-14
BINANCE,BINANCE_SPOT_USDS_PAX,2019-02-14
BINANCE,BINANCE_SPOT_BUSD_IDRT,2020-04-17
BINANCE,BINANCE_SPOT_SFP_BUSD,2021-02-08
BINANCE,BINANCE_SPOT_SFP_USDT,2021-02-08
BINANCE,BINANCE_SPOT_SFP_BTC,2021-02-08
BINANCE,BINANCE_SPOT_DOGE_GBP,2021-02-09
BINANCE,BINANCE_SPOT_DOT_TRY,2021-02-09
BINANCE,BINANCE_SPOT_UNFI_BNB,2020-11-19
BINANCE,BINANCE_SPOT_FXS_BUSD,2021-02-18
BINANCE,BINANCE_SPOT_FXS_BTC,2021-02-18
BINANCE,BINANCE_SPOT_FRONT_BTC,2021-02-19
BINANCE,BINANCE_SPOT_BAKE_BUSD,2021-02-19
BINANCE,BINANCE_SPOT_CAKE_USDT,2021-02-19
BINANCE,BINANCE_SPOT_CAKE_BTC,2021-02-19
BINANCE,BINANCE_SPOT_DODO_BUSD,2021-02-19
BINANCE,BINANCE_SPOT_DODO_BTC,2021-02-19
BINANCE,BINANCE_SPOT_DODO_USDT,2021-02-19
BINANCE,BINANCE_SPOT_COVER_BUSD,2020-12-05
BINANCE,BINANCE_SPOT_COVER_ETH,2020-12-05
BINANCE,BINANCE_SPOT_XZC_USDT,2020-04-07
BINANCE,BINANCE_SPOT_UFT_BUSD,2021-02-23
BINANCE,BINANCE_SPOT_UFT_ETH,2021-02-23
BINANCE,BINANCE_SPOT_GRT_BUSD,2021-02-23
BINANCE,BINANCE_SPOT_REEF_BUSD,2021-02-23
BINANCE,BINANCE_SPOT_1INCH_BUSD,2021-02-23
BINANCE,BINANCE_SPOT_OMG_BUSD,2021-02-23
BINANCE,BINANCE_SPOT_BAND_BUSD,2021-02-23
BINANCE,BINANCE_SPOT_IOST_BUSD,2021-02-23
BINANCE,BINANCE_SPOT_ACM_BUSD,2021-02-24
BINANCE,BINANCE_SPOT_ACM_USDT,2021-02-24
BINANCE,BINANCE_SPOT_ACM_BTC,2021-02-24
BINANCE,BINANCE_SPOT_AUCTION_BUSD,2021-02-25
BINANCE,BINANCE_SPOT_AUCTION_BTC,2021-02-25
BINANCE,BINANCE_SPOT_PHA_BUSD,2021-02-25
BINANCE,BINANCE_SPOT_PHA_BTC,2021-02-25
BINANCE,BINANCE_SPOT_TVK_BTC,2021-02-26
BINANCE,BINANCE_SPOT_TVK_BUSD,2021-02-26
BINANCE,BINANCE_SPOT_DOT_GBP,2021-02-26
BINANCE,BINANCE_SPOT_ADA_TRY,2021-02-26
BINANCE,BINANCE_SPOT_ADA_BRL,2021-02-26
BINANCE,BINANCE_SPOT_ADA_GBP,2021-02-26
BINANCE,BINANCE_SPOT_BAT_PAX,2019-05-07
BINANCE,BINANCE_SPOT_SUSD_BTC,2020-12-04
BINANCE,BINANCE_SPOT_STORM_USDT,2019-08-27
BINANCE,BINANCE_SPOT_BADGER_USDT,2021-03-02
BINANCE,BINANCE_SPOT_BADGER_BTC,2021-03-02
BINANCE,BINANCE_SPOT_BADGER_BUSD,2021-03-02
BINANCE,BINANCE_SPOT_FIS_USDT,2021-03-03
BINANCE,BINANCE_SPOT_FIS_BUSD,2021-03-03
BINANCE,BINANCE_SPOT_FIS_BTC,2021-03-03
BINANCE,BINANCE_SPOT_ETH_BKRW,2020-04-06
BINANCE,BINANCE_SPOT_BTC_BKRW,2020-04-06
BINANCE,BINANCE_SPOT_BNB_BKRW,2020-04-06
BINANCE,BINANCE_SPOT_DOT_BRL,2021-03-05
BINANCE,BINANCE_SPOT_EGLD_EUR,2021-03-05
BINANCE,BINANCE_SPOT_HOT_TRY,2021-03-05
BINANCE,BINANCE_SPOT_ADA_AUD,2021-03-05
BINANCE,BINANCE_SPOT_OM_BUSD,2021-03-08
BINANCE,BINANCE_SPOT_OM_BTC,2021-03-08
BINANCE,BINANCE_SPOT_OM_USDT,2021-03-08
BINANCE,BINANCE_SPOT_POND_BUSD,2021-03-09
BINANCE,BINANCE_SPOT_POND_BTC,2021-03-09
BINANCE,BINANCE_SPOT_POND_USDT,2021-03-09
BINANCE,BINANCE_SPOT_PHX_BTC,2018-08-17
BINANCE,BINANCE_SPOT_PHX_BNB,2018-08-17
BINANCE,BINANCE_SPOT_PHX_ETH,2018-08-17
BINANCE,BINANCE_SPOT_DUSK_BNB,2019-07-22
BINANCE,BINANCE_SPOT_DEGO_BUSD,2021-03-10
BINANCE,BINANCE_SPOT_DEGO_BTC,2021-03-10
BINANCE,BINANCE_SPOT_DEGO_USDT,2021-03-10
BINANCE,BINANCE_SPOT_CHZ_BRL,2021-03-12
BINANCE,BINANCE_SPOT_UNI_EUR,2021-03-12
BINANCE,BINANCE_SPOT_BTT_TRY,2021-03-12
BINANCE,BINANCE_SPOT_AVAX_EUR,2021-03-12
BINANCE,BINANCE_SPOT_CHZ_GBP,2021-03-13
BINANCE,BINANCE_SPOT_CHZ_BUSD,2021-03-13
BINANCE,BINANCE_SPOT_CHZ_EUR,2021-03-13
BINANCE,BINANCE_SPOT_ALICE_USDT,2021-03-15
BINANCE,BINANCE_SPOT_ALICE_BUSD,2021-03-15
BINANCE,BINANCE_SPOT_ALICE_BTC,2021-03-15
BINANCE,BINANCE_SPOT_BIFI_BUSD,2021-03-16
BINANCE,BINANCE_SPOT_LINA_BUSD,2021-03-18
BINANCE,BINANCE_SPOT_LINA_USDT,2021-03-18
BINANCE,BINANCE_SPOT_LINA_BTC,2021-03-18
BINANCE,BINANCE_SPOT_PERP_USDT,2021-03-19
BINANCE,BINANCE_SPOT_PERP_BTC,2021-03-19
BINANCE,BINANCE_SPOT_ADA_RUB,2021-03-19
BINANCE,BINANCE_SPOT_NEO_TRY,2021-03-19
BINANCE,BINANCE_SPOT_ENJ_EUR,2021-03-19
BINANCE,BINANCE_SPOT_PERP_BUSD,2021-03-19
BINANCE,BINANCE_SPOT_ENJ_BRL,2021-03-19
BINANCE,BINANCE_SPOT_MATIC_EUR,2021-03-19
BINANCE,BINANCE_SPOT_STRAT_BUSD,2020-02-19
BINANCE,BINANCE_SPOT_STRAT_USDT,2020-02-19
BINANCE,BINANCE_SPOT_AION_BUSD,2020-02-19
BINANCE,BINANCE_SPOT_RAMP_BUSD,2021-03-22
BINANCE,BINANCE_SPOT_RAMP_USDT,2021-03-22
BINANCE,BINANCE_SPOT_RAMP_BTC,2021-03-22
BINANCE,BINANCE_SPOT_TOMO_USDC,2019-08-24
BINANCE,BINANCE_SPOT_RENBTC_ETH,2020-11-09
BINANCE,BINANCE_SPOT_SUPER_BTC,2021-03-25
BINANCE,BINANCE_SPOT_SUPER_BUSD,2021-03-25
BINANCE,BINANCE_SPOT_SUPER_USDT,2021-03-25
BINANCE,BINANCE_SPOT_BTS_BUSD,2020-02-06
BINANCE,BINANCE_SPOT_CFX_USDT,2021-03-29
BINANCE,BINANCE_SPOT_CFX_BTC,2021-03-29
BINANCE,BINANCE_SPOT_CFX_BUSD,2021-03-29
BINANCE,BINANCE_SPOT_ENJ_GBP,2021-03-30
BINANCE,BINANCE_SPOT_LUNA_EUR,2021-03-30
BINANCE,BINANCE_SPOT_EOS_TRY,2021-03-30
BINANCE,BINANCE_SPOT_LTC_GBP,2021-03-30
BINANCE,BINANCE_SPOT_BCHA_BUSD,2020-11-18
BINANCE,BINANCE_SPOT_FRONT_ETH,2020-11-18
BINANCE,BINANCE_SPOT_WAVES_PAX,2019-01-18
BINANCE,BINANCE_SPOT_XVG_BUSD,2021-04-02
BINANCE,BINANCE_SPOT_THETA_EUR,2021-04-02
BINANCE,BINANCE_SPOT_RVN_TRY,2021-04-02
BINANCE,BINANCE_SPOT_EPS_USDT,2021-04-02
BINANCE,BINANCE_SPOT_AUTO_BUSD,2021-04-02
BINANCE,BINANCE_SPOT_EPS_BUSD,2021-04-02
BINANCE,BINANCE_SPOT_EPS_BTC,2021-04-02
BINANCE,BINANCE_SPOT_AUTO_BTC,2021-04-02
BINANCE,BINANCE_SPOT_AUTO_USDT,2021-04-02
BINANCE,BINANCE_SPOT_BEAM_BNB,2019-09-21
BINANCE,BINANCE_SPOT_DUSK_PAX,2019-07-22
BINANCE,BINANCE_SPOT_TKO_BTC,2021-04-07
BINANCE,BINANCE_SPOT_TKO_USDT,2021-04-07
BINANCE,BINANCE_SPOT_TKO_BIDR,2021-04-07
BINANCE,BINANCE_SPOT_TKO_BUSD,2021-04-07
BINANCE,BINANCE_SPOT_PUNDIX_USDT,2021-04-09
BINANCE,BINANCE_SPOT_PUNDIX_ETH,2021-04-09
BINANCE,BINANCE_SPOT_HOT_EUR,2021-04-09
BINANCE,BINANCE_SPOT_WIN_EUR,2021-04-09
BINANCE,BINANCE_SPOT_BTT_BRL,2021-04-09
BINANCE,BINANCE_SPOT_BTT_EUR,2021-04-09
BINANCE,BINANCE_SPOT_COCOS_BTC,2019-08-21
BINANCE,BINANCE_SPOT_TLM_BUSD,2021-04-13
BINANCE,BINANCE_SPOT_TLM_BTC,2021-04-13
BINANCE,BINANCE_SPOT_TLM_USDT,2021-04-13
BINANCE,BINANCE_SPOT_DUSK_USDC,2019-07-22
BINANCE,BINANCE_SPOT_BTT_BTC,2019-01-31
BINANCE,BINANCE_SPOT_BTG_BUSD,2021-04-16
BINANCE,BINANCE_SPOT_HOT_BUSD,2021-04-16
BINANCE,BINANCE_SPOT_BTG_USDT,2021-04-16
BINANCE,BINANCE_SPOT_BNB_UAH,2021-04-16
BINANCE,BINANCE_SPOT_ONT_TRY,2021-04-16
BINANCE,BINANCE_SPOT_VET_GBP,2021-04-16
BINANCE,BINANCE_SPOT_WIN_BRL,2021-04-16
BINANCE,BINANCE_SPOT_VET_EUR,2021-04-16
BINANCE,BINANCE_SPOT_DF_ETH,2020-12-11
BINANCE,BINANCE_SPOT_MIR_BTC,2021-04-19
BINANCE,BINANCE_SPOT_MIR_BUSD,2021-04-19
BINANCE,BINANCE_SPOT_MIR_USDT,2021-04-19
BINANCE,BINANCE_SPOT_TBAR_BUSD,2021-04-21
BINANCE,BINANCE_SPOT_TBAR_USDT,2021-04-21
BINANCE,BINANCE_SPOT_TBAR_BTC,2021-04-21
BINANCE,BINANCE_SPOT_FORTH_USDT,2021-04-23
BINANCE,BINANCE_SPOT_FORTH_BUSD,2021-04-23
BINANCE,BINANCE_SPOT_CAKE_GBP,2021-04-26
BINANCE,BINANCE_SPOT_DOGE_RUB,2021-04-26
BINANCE,BINANCE_SPOT_WRX_EUR,2021-04-26
BINANCE,BINANCE_SPOT_PAX_BNB,2018-09-29
BINANCE,BINANCE_SPOT_ETC_TUSD,2019-05-07
BINANCE,BINANCE_SPOT_BTC_VAI,2021-02-04
BINANCE,BINANCE_SPOT_SLP_USDT,2021-04-30
BINANCE,BINANCE_SPOT_BURGER_BUSD,2021-04-30
BINANCE,BINANCE_SPOT_SLP_BUSD,2021-04-30
BINANCE,BINANCE_SPOT_BAKE_USDT,2021-04-30
BINANCE,BINANCE_SPOT_BURGER_USDT,2021-04-30
BINANCE,BINANCE_SPOT_VET_TRY,2021-04-30
BINANCE,BINANCE_SPOT_TRX_EUR,2021-04-30
BINANCE,BINANCE_SPOT_PAX_BTC,2018-10-02
BINANCE,BINANCE_SPOT_PAX_BUSD,2021-01-25
BINANCE,BINANCE_SPOT_HIVE_BNB,2020-04-27
BINANCE,BINANCE_SPOT_PAX_ETH,2018-10-07
BINANCE,BINANCE_SPOT_COMP_BNB,2020-06-25
BINANCE,BINANCE_SPOT_SHIB_BUSD,2021-05-11
BINANCE,BINANCE_SPOT_ICP_BTC,2021-05-11
BINANCE,BINANCE_SPOT_SHIB_USDT,2021-05-11
BINANCE,BINANCE_SPOT_ICP_BUSD,2021-05-11
BINANCE,BINANCE_SPOT_ICP_BNB,2021-05-11
BINANCE,BINANCE_SPOT_ICP_USDT,2021-05-11
BINANCE,BINANCE_SPOT_SHIB_EUR,2021-05-14
BINANCE,BINANCE_SPOT_ETC_EUR,2021-05-14
BINANCE,BINANCE_SPOT_DOGE_BIDR,2021-05-14
BINANCE,BINANCE_SPOT_ETC_BRL,2021-05-14
BINANCE,BINANCE_SPOT_AR_BNB,2021-05-14
BINANCE,BINANCE_SPOT_AR_BTC,2021-05-14
BINANCE,BINANCE_SPOT_AR_BUSD,2021-05-14
BINANCE,BINANCE_SPOT_AR_USDT,2021-05-14
BINANCE,BINANCE_SPOT_FTM_USDC,2019-06-10
BINANCE,BINANCE_SPOT_ONT_PAX,2019-07-26
BINANCE,BINANCE_SPOT_POLS_BNB,2021-05-19
BINANCE,BINANCE_SPOT_POLS_USDT,2021-05-19
BINANCE,BINANCE_SPOT_POLS_BTC,2021-05-19
BINANCE,BINANCE_SPOT_POLS_BUSD,2021-05-19
BINANCE,BINANCE_SPOT_FORTH_BTC,2021-05-21
BINANCE,BINANCE_SPOT_EZ_BTC,2021-05-21
BINANCE,BINANCE_SPOT_EZ_ETH,2021-05-21
BINANCE,BINANCE_SPOT_ALGO_USDC,2019-06-21
BINANCE,BINANCE_SPOT_TRU_BUSD,2021-01-19
BINANCE,BINANCE_SPOT_USDT_BKRW,2020-08-06
BINANCE,BINANCE_SPOT_MDT_BNB,2020-06-05
BINANCE,BINANCE_SPOT_1INCHDOWN_USDT,2021-05-21
BINANCE,BINANCE_SPOT_1INCHUP_USDT,2021-05-21
BINANCE,BINANCE_SPOT_LPT_BNB,2021-06-01
BINANCE,BINANCE_SPOT_MASK_USDT,2021-06-01
BINANCE,BINANCE_SPOT_MASK_BNB,2021-06-01
BINANCE,BINANCE_SPOT_MDX_BUSD,2021-06-02
BINANCE,BINANCE_SPOT_LPT_USDT,2021-06-02
BINANCE,BINANCE_SPOT_SHIB_BRL,2021-06-02
BINANCE,BINANCE_SPOT_ETH_UAH,2021-06-02
BINANCE,BINANCE_SPOT_MDX_BTC,2021-06-02
BINANCE,BINANCE_SPOT_SOL_EUR,2021-06-02
BINANCE,BINANCE_SPOT_LPT_BUSD,2021-06-02
BINANCE,BINANCE_SPOT_MDX_USDT,2021-06-02
BINANCE,BINANCE_SPOT_AGIX_BTC,2021-06-02
BINANCE,BINANCE_SPOT_LPT_BTC,2021-06-02
BINANCE,BINANCE_SPOT_MATIC_BRL,2021-06-02
BINANCE,BINANCE_SPOT_MDX_BNB,2021-06-02
BINANCE,BINANCE_SPOT_MASK_BUSD,2021-06-02
BINANCE,BINANCE_SPOT_ETC_USDC,2019-05-07
BINANCE,BINANCE_SPOT_NU_BTC,2021-06-04
BINANCE,BINANCE_SPOT_NU_BNB,2021-06-04
BINANCE,BINANCE_SPOT_NU_USDT,2021-06-04
BINANCE,BINANCE_SPOT_NU_BUSD,2021-06-04
BINANCE,BINANCE_SPOT_SHIB_TRY,2021-06-04
BINANCE,BINANCE_SPOT_ICP_EUR,2021-06-04
BINANCE,BINANCE_SPOT_MATIC_RUB,2021-06-04
BINANCE,BINANCE_SPOT_MATIC_BIDR,2021-06-04
BINANCE,BINANCE_SPOT_MATIC_GBP,2021-06-04
BINANCE,BINANCE_SPOT_XVG_USDT,2021-06-06
BINANCE,BINANCE_SPOT_KAVA_BUSD,2021-06-06
BINANCE,BINANCE_SPOT_RLC_BUSD,2021-06-06
BINANCE,BINANCE_SPOT_CELR_BUSD,2021-06-06
BINANCE,BINANCE_SPOT_THETA_BUSD,2021-06-06
BINANCE,BINANCE_SPOT_WIN_BUSD,2021-06-06
BINANCE,BINANCE_SPOT_ZEN_BUSD,2021-06-06
BINANCE,BINANCE_SPOT_ATM_BUSD,2021-06-06
BINANCE,BINANCE_SPOT_FTM_BUSD,2021-06-06
BINANCE,BINANCE_SPOT_XEM_BUSD,2021-06-06
BINANCE,BINANCE_SPOT_ATA_BUSD,2021-06-07
BINANCE,BINANCE_SPOT_ATA_BTC,2021-06-07
BINANCE,BINANCE_SPOT_ATA_USDT,2021-06-07
BINANCE,BINANCE_SPOT_ATA_BNB,2021-06-07
BINANCE,BINANCE_SPOT_BIFI_BNB,2021-03-16
BINANCE,BINANCE_SPOT_EASY_ETH,2020-10-23
BINANCE,BINANCE_SPOT_GTC_BTC,2021-06-10
BINANCE,BINANCE_SPOT_GTC_BUSD,2021-06-10
BINANCE,BINANCE_SPOT_GTC_USDT,2021-06-10
BINANCE,BINANCE_SPOT_TORN_BTC,2021-06-11
BINANCE,BINANCE_SPOT_TORN_BUSD,2021-06-11
BINANCE,BINANCE_SPOT_TORN_USDT,2021-06-11
BINANCE,BINANCE_SPOT_TORN_BNB,2021-06-11
BINANCE,BINANCE_SPOT_COTI_BUSD,2021-06-11
BINANCE,BINANCE_SPOT_BAKE_BTC,2021-06-11
BINANCE,BINANCE_SPOT_SOL_GBP,2021-06-11
BINANCE,BINANCE_SPOT_ETC_GBP,2021-06-11
BINANCE,BINANCE_SPOT_MATIC_TRY,2021-06-11
BINANCE,BINANCE_SPOT_GTC_BNB,2021-06-10
BINANCE,BINANCE_SPOT_ATOM_PAX,2019-05-06
BINANCE,BINANCE_SPOT_KEEP_USDT,2021-06-17
BINANCE,BINANCE_SPOT_KEEP_BTC,2021-06-17
BINANCE,BINANCE_SPOT_KEEP_BNB,2021-06-17
BINANCE,BINANCE_SPOT_KEEP_BUSD,2021-06-17
BINANCE,BINANCE_SPOT_ETC_PAX,2019-05-07
BINANCE,BINANCE_SPOT_DOCK_BUSD,2021-06-18
BINANCE,BINANCE_SPOT_SOL_BRL,2021-06-18
BINANCE,BINANCE_SPOT_ADA_BIDR,2021-06-18
BINANCE,BINANCE_SPOT_STMX_BUSD,2021-06-18
BINANCE,BINANCE_SPOT_RUNE_GBP,2021-06-18
BINANCE,BINANCE_SPOT_CHR_BUSD,2021-06-18
BINANCE,BINANCE_SPOT_FTT_BUSD,2021-06-18
BINANCE,BINANCE_SPOT_SC_BUSD,2021-06-18
BINANCE,BINANCE_SPOT_SOL_TRY,2021-06-18
BINANCE,BINANCE_SPOT_HNT_BUSD,2021-06-18
BINANCE,BINANCE_SPOT_BCHSV_USDT,2018-11-20
BINANCE,BINANCE_SPOT_USDC_BNB,2018-11-20
BINANCE,BINANCE_SPOT_BCHSV_BTC,2018-11-20
BINANCE,BINANCE_SPOT_USDC_BTC,2018-11-20
BINANCE,BINANCE_SPOT_ERN_BUSD,2021-06-22
BINANCE,BINANCE_SPOT_ERN_BNB,2021-06-22
BINANCE,BINANCE_SPOT_ERN_USDT,2021-06-22
BINANCE,BINANCE_SPOT_KLAY_BNB,2021-06-25
BINANCE,BINANCE_SPOT_UTK_BUSD,2021-06-25
BINANCE,BINANCE_SPOT_DOT_RUB,2021-06-25
BINANCE,BINANCE_SPOT_XRP_BKRW,2020-07-30
BINANCE,BINANCE_SPOT_ADA_BKRW,2020-07-30
BINANCE,BINANCE_SPOT_ONT_USDC,2019-07-26
BINANCE,BINANCE_SPOT_BUSD_BKRW,2020-08-06
BINANCE,BINANCE_SPOT_SOL_RUB,2021-07-04
BINANCE,BINANCE_SPOT_BUSD_UAH,2021-07-04
BINANCE,BINANCE_SPOT_MLN_USDT,2021-07-05
BINANCE,BINANCE_SPOT_BOND_USDT,2021-07-05
BINANCE,BINANCE_SPOT_MLN_BTC,2021-07-05
BINANCE,BINANCE_SPOT_BOND_BTC,2021-07-05
BINANCE,BINANCE_SPOT_BOND_BUSD,2021-07-05
BINANCE,BINANCE_SPOT_MLN_BUSD,2021-07-05
BINANCE,BINANCE_SPOT_BOND_BNB,2021-07-05
BINANCE,BINANCE_SPOT_MLN_BNB,2021-07-05
BINANCE,BINANCE_SPOT_BAL_BNB,2020-08-06
BINANCE,BINANCE_SPOT_DOT_AUD,2021-07-11
BINANCE,BINANCE_SPOT_GRT_TRY,2021-07-11
BINANCE,BINANCE_SPOT_CAKE_BRL,2021-07-11
BINANCE,BINANCE_SPOT_IRIS_BNB,2020-07-21
BINANCE,BINANCE_SPOT_LEND_USDT,2020-05-15
BINANCE,BINANCE_SPOT_QUICK_BUSD,2021-07-23
BINANCE,BINANCE_SPOT_QUICK_BTC,2021-07-23
BINANCE,BINANCE_SPOT_QUICK_BNB,2021-07-23
BINANCE,BINANCE_SPOT_DEXE_USDT,2021-07-23
BINANCE,BINANCE_SPOT_LTO_BUSD,2021-07-23
BINANCE,BINANCE_SPOT_ADX_BUSD,2021-07-23
BINANCE,BINANCE_SPOT_C98_BTC,2021-07-23
BINANCE,BINANCE_SPOT_C98_BUSD,2021-07-23
BINANCE,BINANCE_SPOT_C98_BNB,2021-07-23
BINANCE,BINANCE_SPOT_C98_USDT,2021-07-23
BINANCE,BINANCE_SPOT_TRB_BNB,2020-08-27
BINANCE,BINANCE_SPOT_ONE_BIDR,2020-09-11
BINANCE,BINANCE_SPOT_SRM_BIDR,2020-09-11
BINANCE,BINANCE_SPOT_BZRX_BNB,2020-08-29
BINANCE,BINANCE_SPOT_CLV_BNB,2021-07-29
BINANCE,BINANCE_SPOT_QNT_BTC,2021-07-29
BINANCE,BINANCE_SPOT_QNT_USDT,2021-07-29
BINANCE,BINANCE_SPOT_QNT_BUSD,2021-07-29
BINANCE,BINANCE_SPOT_CLV_USDT,2021-07-29
BINANCE,BINANCE_SPOT_CLV_BUSD,2021-07-29
BINANCE,BINANCE_SPOT_QNT_BNB,2021-07-29
BINANCE,BINANCE_SPOT_CLV_BTC,2021-07-29
BINANCE,BINANCE_SPOT_IRIS_BUSD,2020-07-21
BINANCE,BINANCE_SPOT_FLOW_BUSD,2021-07-30
BINANCE,BINANCE_SPOT_FLOW_BNB,2021-07-30
BINANCE,BINANCE_SPOT_FLOW_USDT,2021-07-30
BINANCE,BINANCE_SPOT_FLOW_BTC,2021-07-30
BINANCE,BINANCE_SPOT_REP_BUSD,2020-06-12
BINANCE,BINANCE_SPOT_RUNE_AUD,2021-07-04
BINANCE,BINANCE_SPOT_PHB_USDC,2019-05-23
BINANCE,BINANCE_SPOT_PHB_PAX,2019-05-23
BINANCE,BINANCE_SPOT_TFUEL_USDC,2019-05-24
BINANCE,BINANCE_SPOT_TFUEL_PAX,2019-05-24
BINANCE,BINANCE_SPOT_TFUEL_TUSD,2019-05-24
BINANCE,BINANCE_SPOT_XEC_BUSD,2021-08-06
BINANCE,BINANCE_SPOT_TVK_USDT,2021-08-06
BINANCE,BINANCE_SPOT_AXS_BRL,2021-08-06
BINANCE,BINANCE_SPOT_AXS_AUD,2021-08-06
BINANCE,BINANCE_SPOT_SHIB_RUB,2021-05-14
BINANCE,BINANCE_SPOT_LINK_NGN,2020-12-11
BINANCE,BINANCE_SPOT_ONE_PAX,2019-05-28
BINANCE,BINANCE_SPOT_ONE_TUSD,2019-05-28
BINANCE,BINANCE_SPOT_MINA_BTC,2021-08-10
BINANCE,BINANCE_SPOT_MINA_BUSD,2021-08-10
BINANCE,BINANCE_SPOT_RAY_BNB,2021-08-10
BINANCE,BINANCE_SPOT_MINA_USDT,2021-08-10
BINANCE,BINANCE_SPOT_RAY_BUSD,2021-08-10
BINANCE,BINANCE_SPOT_MINA_BNB,2021-08-10
BINANCE,BINANCE_SPOT_RAY_USDT,2021-08-10
BINANCE,BINANCE_SPOT_FARM_BUSD,2021-08-11
BINANCE,BINANCE_SPOT_FARM_USDT,2021-08-11
BINANCE,BINANCE_SPOT_FARM_BTC,2021-08-11
BINANCE,BINANCE_SPOT_ALPACA_BTC,2021-08-11
BINANCE,BINANCE_SPOT_ALPACA_BUSD,2021-08-11
BINANCE,BINANCE_SPOT_ALPACA_USDT,2021-08-11
BINANCE,BINANCE_SPOT_ALPACA_BNB,2021-08-11
BINANCE,BINANCE_SPOT_FARM_BNB,2021-08-11
BINANCE,BINANCE_SPOT_QUICK_USDT,2021-08-13
BINANCE,BINANCE_SPOT_ORN_BUSD,2021-08-13
BINANCE,BINANCE_SPOT_TLM_TRY,2021-08-13
BINANCE,BINANCE_SPOT_VTHO_BUSD,2020-07-17
BINANCE,BINANCE_SPOT_MBOX_BTC,2021-08-19
BINANCE,BINANCE_SPOT_MBOX_BNB,2021-08-19
BINANCE,BINANCE_SPOT_MBOX_USDT,2021-08-19
BINANCE,BINANCE_SPOT_MBOX_BUSD,2021-08-19
BINANCE,BINANCE_SPOT_BOT_BTC,2020-10-29
BINANCE,BINANCE_SPOT_BOT_BUSD,2020-10-29
BINANCE,BINANCE_SPOT_VGX_BTC_5B5DEE,2021-08-20
BINANCE,BINANCE_SPOT_VGX_ETH_5B5DEF,2021-08-20
BINANCE,BINANCE_SPOT_REQ_USDT,2021-08-20
BINANCE,BINANCE_SPOT_GHST_USDT,2021-08-20
BINANCE,BINANCE_SPOT_FIS_BRL,2021-08-20
BINANCE,BINANCE_SPOT_FOR_USDT,2021-08-20
BINANCE,BINANCE_SPOT_TRU_RUB,2021-08-20
BINANCE,BINANCE_SPOT_DCR_BUSD,2020-07-20
BINANCE,BINANCE_SPOT_BCHSV_TUSD,2019-01-22
BINANCE,BINANCE_SPOT_BCHSV_USDC,2019-01-22
BINANCE,BINANCE_SPOT_BCHSV_PAX,2019-01-22
BINANCE,BINANCE_SPOT_LTO_BNB,2020-02-07
BINANCE,BINANCE_SPOT_VITE_BNB,2019-12-13
BINANCE,BINANCE_SPOT_FTM_TUSD,2019-06-10
BINANCE,BINANCE_SPOT_FTM_PAX,2019-06-10
BINANCE,BINANCE_SPOT_WAXP_BTC,2021-08-23
BINANCE,BINANCE_SPOT_WAXP_BNB,2021-08-23
BINANCE,BINANCE_SPOT_WAXP_BUSD,2021-08-23
BINANCE,BINANCE_SPOT_WAXP_USDT,2021-08-23
BINANCE,BINANCE_SPOT_LINK_BKRW,2020-09-25
BINANCE,BINANCE_SPOT_TRIBE_USDT,2021-08-24
BINANCE,BINANCE_SPOT_TRIBE_BTC,2021-08-24
BINANCE,BINANCE_SPOT_TRIBE_BUSD,2021-08-24
BINANCE,BINANCE_SPOT_TRIBE_BNB,2021-08-24
BINANCE,BINANCE_SPOT_CTXC_BNB,2019-11-22
BINANCE,BINANCE_SPOT_MATIC_AUD,2021-08-25
BINANCE,BINANCE_SPOT_PHA_USDT,2021-08-25
BINANCE,BINANCE_SPOT_KLAY_BTC,2021-08-25
BINANCE,BINANCE_SPOT_KLAY_USDT,2021-08-25
BINANCE,BINANCE_SPOT_KLAY_BUSD,2021-08-25
BINANCE,BINANCE_SPOT_IOTX_BUSD,2021-08-25
BINANCE,BINANCE_SPOT_RUNE_EUR,2021-08-25
BINANCE,BINANCE_SPOT_ERD_BUSD,2020-05-15
BINANCE,BINANCE_SPOT_GNO_BUSD,2021-08-30
BINANCE,BINANCE_SPOT_GNO_BNB,2021-08-30
BINANCE,BINANCE_SPOT_GNO_BTC,2021-08-30
BINANCE,BINANCE_SPOT_GNO_USDT,2021-08-30
BINANCE,BINANCE_SPOT_BCPT_PAX,2019-06-19
BINANCE,BINANCE_SPOT_BCPT_TUSD,2019-06-19
BINANCE,BINANCE_SPOT_BCPT_USDC,2019-06-19
BINANCE,BINANCE_SPOT_FLM_BNB,2020-09-28
BINANCE,BINANCE_SPOT_BTCB_BTC,2019-06-18
BINANCE,BINANCE_SPOT_WNXM_BUSD,2020-08-26
BINANCE,BINANCE_SPOT_SUSHI_BIDR,2021-09-03
BINANCE,BINANCE_SPOT_XRP_BIDR,2021-09-03
BINANCE,BINANCE_SPOT_MTL_BUSD,2021-09-03
BINANCE,BINANCE_SPOT_OGN_BUSD,2021-09-03
BINANCE,BINANCE_SPOT_PROM_BTC,2021-09-03
BINANCE,BINANCE_SPOT_C98_BRL,2021-09-03
BINANCE,BINANCE_SPOT_SOL_AUD,2021-09-03
BINANCE,BINANCE_SPOT_XEC_USDT,2021-09-03
BINANCE,BINANCE_SPOT_ARPA_TRY,2021-09-03
BINANCE,BINANCE_SPOT_PERL_USDC,2019-08-26
BINANCE,BINANCE_SPOT_BLZ_BUSD,2020-08-11
BINANCE,BINANCE_SPOT_KMD_BUSD,2020-08-11
BINANCE,BINANCE_SPOT_HOT_BRL,2021-04-26
BINANCE,BINANCE_SPOT_USDSB_USDT,2019-06-24
BINANCE,BINANCE_SPOT_POLY_BUSD,2021-09-08
BINANCE,BINANCE_SPOT_ELF_USDT,2021-09-08
BINANCE,BINANCE_SPOT_USDSB_USDS,2019-06-24
BINANCE,BINANCE_SPOT_DYDX_BNB,2021-09-09
BINANCE,BINANCE_SPOT_DYDX_BUSD,2021-09-09
BINANCE,BINANCE_SPOT_DYDX_USDT,2021-09-09
BINANCE,BINANCE_SPOT_DYDX_BTC,2021-09-09
BINANCE,BINANCE_SPOT_IDEX_USDT,2021-09-09
BINANCE,BINANCE_SPOT_VIDT_USDT,2021-09-09
BINANCE,BINANCE_SPOT_AXS_BIDR,2021-09-09
BINANCE,BINANCE_SPOT_POLY_USDT,2021-09-09
BINANCE,BINANCE_SPOT_ELF_BUSD,2021-09-09
BINANCE,BINANCE_SPOT_SOL_BIDR,2021-09-09
BINANCE,BINANCE_SPOT_NPXS_USDC,2019-08-13
BINANCE,BINANCE_SPOT_ETH_PAX_5B7926,2021-09-10
BINANCE,BINANCE_SPOT_BNB_PAX_5B7927,2021-09-10
BINANCE,BINANCE_SPOT_PAX_USDT_5B7929,2021-09-10
BINANCE,BINANCE_SPOT_BTC_PAX_5B7925,2021-09-10
BINANCE,BINANCE_SPOT_PAX_BUSD_5B7928,2021-09-10
BINANCE,BINANCE_SPOT_TRX_AUD,2021-04-30
BINANCE,BINANCE_SPOT_AAVE_BKRW,2020-10-15
BINANCE,BINANCE_SPOT_GTO_TUSD,2019-07-01
BINANCE,BINANCE_SPOT_GTO_USDC,2019-07-01
BINANCE,BINANCE_SPOT_GTO_PAX,2019-07-01
BINANCE,BINANCE_SPOT_DOT_BKRW,2020-10-15
BINANCE,BINANCE_SPOT_GALA_USDT,2021-09-13
BINANCE,BINANCE_SPOT_GALA_BUSD,2021-09-13
BINANCE,BINANCE_SPOT_GALA_BNB,2021-09-13
BINANCE,BINANCE_SPOT_GALA_BTC,2021-09-13
BINANCE,BINANCE_SPOT_ERD_PAX,2019-07-02
BINANCE,BINANCE_SPOT_ERD_USDC,2019-07-02
BINANCE,BINANCE_SPOT_DOGE_USDC,2019-07-05
BINANCE,BINANCE_SPOT_DOGE_PAX,2019-07-05
BINANCE,BINANCE_SPOT_SUN_BUSD,2021-09-17
BINANCE,BINANCE_SPOT_FTM_BIDR,2021-09-17
BINANCE,BINANCE_SPOT_ALGO_BIDR,2021-09-17
BINANCE,BINANCE_SPOT_WAVES_RUB,2021-09-17
BINANCE,BINANCE_SPOT_KSM_AUD,2021-09-17
BINANCE,BINANCE_SPOT_ILV_BUSD,2021-09-22
BINANCE,BINANCE_SPOT_ILV_USDT,2021-09-22
BINANCE,BINANCE_SPOT_ILV_BNB,2021-09-22
BINANCE,BINANCE_SPOT_ILV_BTC,2021-09-22
BINANCE,BINANCE_SPOT_BTC_GYEN,2021-05-12
BINANCE,BINANCE_SPOT_USDT_GYEN,2021-05-12
BINANCE,BINANCE_SPOT_REN_BUSD,2021-09-22
BINANCE,BINANCE_SPOT_STRAT_BNB,2020-02-19
BINANCE,BINANCE_SPOT_YGG_BUSD,2021-09-24
BINANCE,BINANCE_SPOT_YGG_USDT,2021-09-24
BINANCE,BINANCE_SPOT_YGG_BTC,2021-09-24
BINANCE,BINANCE_SPOT_YGG_BNB,2021-09-24
BINANCE,BINANCE_SPOT_SYS_USDT,2021-09-24
BINANCE,BINANCE_SPOT_DF_USDT,2021-09-24
BINANCE,BINANCE_SPOT_STX_BUSD,2021-09-24
BINANCE,BINANCE_SPOT_LTC_UAH,2021-09-24
BINANCE,BINANCE_SPOT_SOL_USDC,2021-09-24
BINANCE,BINANCE_SPOT_FET_BUSD,2021-09-24
BINANCE,BINANCE_SPOT_ARPA_RUB,2021-09-24
BINANCE,BINANCE_SPOT_DREP_BNB,2020-01-16
BINANCE,BINANCE_SPOT_SUSD_ETH,2020-12-04
BINANCE,BINANCE_SPOT_PAXG_BUSD,2020-08-26
BINANCE,BINANCE_SPOT_BULL_BUSD,2020-01-17
BINANCE,BINANCE_SPOT_BULL_USDT,2020-01-17
BINANCE,BINANCE_SPOT_ETHBEAR_USDT,2020-01-17
BINANCE,BINANCE_SPOT_BEAR_BUSD,2020-01-17
BINANCE,BINANCE_SPOT_ETHBEAR_BUSD,2020-01-17
BINANCE,BINANCE_SPOT_ETHBULL_USDT,2020-01-17
BINANCE,BINANCE_SPOT_BEAR_USDT,2020-01-17
BINANCE,BINANCE_SPOT_ETHBULL_BUSD,2020-01-17
BINANCE,BINANCE_SPOT_LEND_BUSD,2020-07-30
BINANCE,BINANCE_SPOT_AVAX_BIDR,2021-09-30
BINANCE,BINANCE_SPOT_ARPA_BUSD,2021-09-30
BINANCE,BINANCE_SPOT_LSK_BUSD,2021-09-30
BINANCE,BINANCE_SPOT_ALICE_BIDR,2021-09-30
BINANCE,BINANCE_SPOT_FIDA_BNB,2021-09-30
BINANCE,BINANCE_SPOT_FIDA_USDT,2021-09-30
BINANCE,BINANCE_SPOT_FIDA_BUSD,2021-09-30
BINANCE,BINANCE_SPOT_FIDA_BTC,2021-09-30
BINANCE,BINANCE_SPOT_TCT_BNB,2020-01-21
BINANCE,BINANCE_SPOT_CVP_USDT,2021-10-04
BINANCE,BINANCE_SPOT_DENT_BUSD,2021-10-04
BINANCE,BINANCE_SPOT_FRONT_USDT,2021-10-04
BINANCE,BINANCE_SPOT_ANKR_TUSD,2019-07-23
BINANCE,BINANCE_SPOT_ANKR_USDC,2019-07-23
BINANCE,BINANCE_SPOT_ANKR_PAX,2019-07-23
BINANCE,BINANCE_SPOT_AGLD_BTC,2021-10-05
BINANCE,BINANCE_SPOT_AGLD_USDT,2021-10-05
BINANCE,BINANCE_SPOT_AGLD_BUSD,2021-10-05
BINANCE,BINANCE_SPOT_AGLD_BNB,2021-10-05
BINANCE,BINANCE_SPOT_EASY_BTC,2021-02-19
BINANCE,BINANCE_SPOT_RAD_BTC,2021-10-07
BINANCE,BINANCE_SPOT_RAD_BUSD,2021-10-07
BINANCE,BINANCE_SPOT_RAD_USDT,2021-10-07
BINANCE,BINANCE_SPOT_RAD_BNB,2021-10-07
BINANCE,BINANCE_SPOT_STPT_BUSD,2021-10-08
BINANCE,BINANCE_SPOT_HIVE_BUSD,2021-10-08
BINANCE,BINANCE_SPOT_SHIB_AUD,2021-10-08
BINANCE,BINANCE_SPOT_BETA_USDT,2021-10-08
BINANCE,BINANCE_SPOT_BETA_BUSD,2021-10-08
BINANCE,BINANCE_SPOT_BETA_BTC,2021-10-08
BINANCE,BINANCE_SPOT_BETA_BNB,2021-10-08
BINANCE,BINANCE_SPOT_STPT_BNB,2020-03-25
BINANCE,BINANCE_SPOT_RARE_USDT,2021-10-11
BINANCE,BINANCE_SPOT_RARE_BTC,2021-10-11
BINANCE,BINANCE_SPOT_RARE_BNB,2021-10-11
BINANCE,BINANCE_SPOT_RARE_BUSD,2021-10-11
BINANCE,BINANCE_SPOT_WIN_BTC,2019-07-31
BINANCE,BINANCE_SPOT_ICP_RUB,2021-07-11
BINANCE,BINANCE_SPOT_AXS_ETH,2021-10-15
BINANCE,BINANCE_SPOT_AVAX_BRL,2021-10-15
BINANCE,BINANCE_SPOT_AVAX_AUD,2021-10-15
BINANCE,BINANCE_SPOT_TROY_BUSD,2021-10-15
BINANCE,BINANCE_SPOT_SOL_ETH,2021-10-15
BINANCE,BINANCE_SPOT_LUNA_AUD,2021-10-15
BINANCE,BINANCE_SPOT_FTM_ETH,2021-10-15
BINANCE,BINANCE_SPOT_CAKE_AUD,2021-09-17
BINANCE,BINANCE_SPOT_LAZIO_TRY,2021-10-21
BINANCE,BINANCE_SPOT_LAZIO_EUR,2021-10-21
BINANCE,BINANCE_SPOT_LAZIO_USDT,2021-10-21
BINANCE,BINANCE_SPOT_LAZIO_BTC,2021-10-21
BINANCE,BINANCE_SPOT_SSV_ETH,2021-10-22
BINANCE,BINANCE_SPOT_SSV_BTC,2021-10-22
BINANCE,BINANCE_SPOT_CHESS_BUSD,2021-10-22
BINANCE,BINANCE_SPOT_CHESS_BTC,2021-10-22
BINANCE,BINANCE_SPOT_CHESS_USDT,2021-10-22
BINANCE,BINANCE_SPOT_CHESS_BNB,2021-10-22
BINANCE,BINANCE_SPOT_SCRT_BUSD,2021-10-22
BINANCE,BINANCE_SPOT_FTM_BRL,2021-10-22
BINANCE,BINANCE_SPOT_FTM_AUD,2021-10-22
BINANCE,BINANCE_SPOT_TUSDB_TUSD,2019-08-08
BINANCE,BINANCE_SPOT_EOSBULL_USDT,2020-02-12
BINANCE,BINANCE_SPOT_EOSBEAR_USDT,2020-02-12
BINANCE,BINANCE_SPOT_XRPBEAR_BUSD,2020-02-12
BINANCE,BINANCE_SPOT_XRPBULL_USDT,2020-02-12
BINANCE,BINANCE_SPOT_EOSBULL_BUSD,2020-02-12
BINANCE,BINANCE_SPOT_EOSBEAR_BUSD,2020-02-12
BINANCE,BINANCE_SPOT_XRPBULL_BUSD,2020-02-12
BINANCE,BINANCE_SPOT_XRPBEAR_USDT,2020-02-12
BINANCE,BINANCE_SPOT_AAVE_BRL,2021-07-23
BINANCE,BINANCE_SPOT_EOS_AUD,2021-07-23
BINANCE,BINANCE_SPOT_DOT_NGN,2021-02-02
BINANCE,BINANCE_SPOT_REEF_TRY,2021-10-29
BINANCE,BINANCE_SPOT_CELO_BUSD,2021-10-29
BINANCE,BINANCE_SPOT_AUCTION_USDT,2021-10-29
BINANCE,BINANCE_SPOT_NU_AUD,2021-10-29
BINANCE,BINANCE_SPOT_ADX_USDT,2021-10-29
BINANCE,BINANCE_SPOT_REEF_BIDR,2021-10-29
BINANCE,BINANCE_SPOT_NU_RUB,2021-10-29
BINANCE,BINANCE_SPOT_FTM_RUB,2021-10-29
BINANCE,BINANCE_SPOT_SHIB_DOGE,2021-11-02
BINANCE,BINANCE_SPOT_DAR_BNB,2021-11-04
BINANCE,BINANCE_SPOT_DAR_BTC,2021-11-04
BINANCE,BINANCE_SPOT_DAR_BUSD,2021-11-04
BINANCE,BINANCE_SPOT_DAR_USDT,2021-11-04
BINANCE,BINANCE_SPOT_BNX_BUSD,2021-11-04
BINANCE,BINANCE_SPOT_BNX_USDT,2021-11-04
BINANCE,BINANCE_SPOT_BNX_BNB,2021-11-04
BINANCE,BINANCE_SPOT_BNX_BTC,2021-11-04
BINANCE,BINANCE_SPOT_RGT_USDT,2021-11-05
BINANCE,BINANCE_SPOT_RGT_BUSD,2021-11-05
BINANCE,BINANCE_SPOT_RGT_BTC,2021-11-05
BINANCE,BINANCE_SPOT_RGT_BNB,2021-11-05
BINANCE,BINANCE_SPOT_ALGO_RUB,2021-11-05
BINANCE,BINANCE_SPOT_LUNA_BIDR,2021-11-05
BINANCE,BINANCE_SPOT_MANA_TRY,2021-11-05
BINANCE,BINANCE_SPOT_OXT_BUSD,2021-11-05
BINANCE,BINANCE_SPOT_LAZIO_BUSD,2021-11-05
BINANCE,BINANCE_SPOT_AUD_USDC,2021-11-05
BINANCE,BINANCE_SPOT_SHIB_UAH,2021-11-05
BINANCE,BINANCE_SPOT_UNI_AUD,2021-10-08
BINANCE,BINANCE_SPOT_MOVR_USDT,2021-11-08
BINANCE,BINANCE_SPOT_MOVR_BTC,2021-11-08
BINANCE,BINANCE_SPOT_MOVR_BUSD,2021-11-08
BINANCE,BINANCE_SPOT_MOVR_BNB,2021-11-08
BINANCE,BINANCE_SPOT_ENS_BNB,2021-11-10
BINANCE,BINANCE_SPOT_ENS_USDT,2021-11-10
BINANCE,BINANCE_SPOT_ENS_BTC,2021-11-10
BINANCE,BINANCE_SPOT_ENS_BUSD,2021-11-10
BINANCE,BINANCE_SPOT_CITY_BTC,2021-11-10
BINANCE,BINANCE_SPOT_CITY_USDT,2021-11-10
BINANCE,BINANCE_SPOT_CITY_BUSD,2021-11-10
BINANCE,BINANCE_SPOT_CITY_BNB,2021-11-10
BINANCE,BINANCE_SPOT_BKRW_USDT,2020-07-06
BINANCE,BINANCE_SPOT_BKRW_BUSD,2020-07-06
BINANCE,BINANCE_SPOT_MANA_BRL,2021-11-12
BINANCE,BINANCE_SPOT_KP3R_USDT,2021-11-12
BINANCE,BINANCE_SPOT_ANKR_BUSD,2021-11-12
BINANCE,BINANCE_SPOT_SAND_ETH,2021-11-12
BINANCE,BINANCE_SPOT_SAND_TRY,2021-11-12
BINANCE,BINANCE_SPOT_MATIC_ETH,2021-11-12
BINANCE,BINANCE_SPOT_DOT_ETH,2021-11-12
BINANCE,BINANCE_SPOT_QI_USDT,2021-11-15
BINANCE,BINANCE_SPOT_QI_BUSD,2021-11-15
BINANCE,BINANCE_SPOT_QI_BNB,2021-11-15
BINANCE,BINANCE_SPOT_QI_BTC,2021-11-15
BINANCE,BINANCE_SPOT_PORTO_USDT,2021-11-16
BINANCE,BINANCE_SPOT_PORTO_BTC,2021-11-16
BINANCE,BINANCE_SPOT_PORTO_TRY,2021-11-16
BINANCE,BINANCE_SPOT_PORTO_EUR,2021-11-16
BINANCE,BINANCE_SPOT_LEND_BKRW,2020-09-16
BINANCE,BINANCE_SPOT_POWR_BUSD,2021-11-17
BINANCE,BINANCE_SPOT_POWR_USDT,2021-11-17
BINANCE,BINANCE_SPOT_AVAX_ETH,2021-11-19
BINANCE,BINANCE_SPOT_CHR_ETH,2021-11-19
BINANCE,BINANCE_SPOT_FIS_BIDR,2021-11-19
BINANCE,BINANCE_SPOT_LRC_TRY,2021-11-19
BINANCE,BINANCE_SPOT_SLP_TRY,2021-11-19
BINANCE,BINANCE_SPOT_FIS_TRY,2021-11-19
BINANCE,BINANCE_SPOT_VGX_USDT,2021-11-22
BINANCE,BINANCE_SPOT_GALA_ETH,2021-11-22
BINANCE,BINANCE_SPOT_BNBBEAR_BUSD,2020-03-11
BINANCE,BINANCE_SPOT_BNBBULL_USDT,2020-03-11
BINANCE,BINANCE_SPOT_BNBBEAR_USDT,2020-03-11
BINANCE,BINANCE_SPOT_BNBBULL_BUSD,2020-03-11
BINANCE,BINANCE_SPOT_JASMY_BUSD,2021-11-22
BINANCE,BINANCE_SPOT_JASMY_BNB,2021-11-22
BINANCE,BINANCE_SPOT_JASMY_BTC,2021-11-22
BINANCE,BINANCE_SPOT_JASMY_USDT,2021-11-22
BINANCE,BINANCE_SPOT_DAI_USDT,2020-07-23
BINANCE,BINANCE_SPOT_DAI_BTC,2020-07-23
BINANCE,BINANCE_SPOT_DAI_BUSD,2020-07-23
BINANCE,BINANCE_SPOT_DAI_BNB,2020-07-23
BINANCE,BINANCE_SPOT_PLA_BTC,2021-11-23
BINANCE,BINANCE_SPOT_PLA_USDT,2021-11-23
BINANCE,BINANCE_SPOT_AMP_BUSD,2021-11-23
BINANCE,BINANCE_SPOT_PLA_BUSD,2021-11-23
BINANCE,BINANCE_SPOT_AMP_BNB,2021-11-23
BINANCE,BINANCE_SPOT_AMP_BTC,2021-11-23
BINANCE,BINANCE_SPOT_AMP_USDT,2021-11-23
BINANCE,BINANCE_SPOT_PLA_BNB,2021-11-23
BINANCE,BINANCE_SPOT_PYR_BTC,2021-11-26
BINANCE,BINANCE_SPOT_PYR_USDT,2021-11-26
BINANCE,BINANCE_SPOT_PYR_BUSD,2021-11-26
BINANCE,BINANCE_SPOT_RNDR_USDT,2021-11-27
BINANCE,BINANCE_SPOT_RNDR_BTC,2021-11-27
BINANCE,BINANCE_SPOT_RNDR_BUSD,2021-11-27
BINANCE,BINANCE_SPOT_ALCX_BUSD,2021-11-30
BINANCE,BINANCE_SPOT_ALCX_USDT,2021-11-30
BINANCE,BINANCE_SPOT_ALCX_BTC,2021-11-30
BINANCE,BINANCE_SPOT_MC_USDT,2021-12-02
BINANCE,BINANCE_SPOT_MC_BTC,2021-12-02
BINANCE,BINANCE_SPOT_MC_BUSD,2021-12-02
BINANCE,BINANCE_SPOT_ENJ_TRY,2021-12-03
BINANCE,BINANCE_SPOT_COCOS_BUSD,2021-12-03
BINANCE,BINANCE_SPOT_DENT_TRY,2021-12-03
BINANCE,BINANCE_SPOT_BEL_TRY,2021-12-03
BINANCE,BINANCE_SPOT_SAND_AUD,2021-12-03
BINANCE,BINANCE_SPOT_SLP_BIDR,2021-12-03
BINANCE,BINANCE_SPOT_NEO_RUB,2021-12-03
BINANCE,BINANCE_SPOT_ANY_BTC,2021-12-04
BINANCE,BINANCE_SPOT_ANY_BUSD,2021-12-04
BINANCE,BINANCE_SPOT_ANY_USDT,2021-12-04
BINANCE,BINANCE_SPOT_FLUX_BUSD,2021-12-10
BINANCE,BINANCE_SPOT_FLUX_USDT,2021-12-10
BINANCE,BINANCE_SPOT_FLUX_BTC,2021-12-10
BINANCE,BINANCE_SPOT_FXS_USDT,2021-12-10
BINANCE,BINANCE_SPOT_LUNA_TRY,2021-12-10
BINANCE,BINANCE_SPOT_REQ_BUSD,2021-12-10
BINANCE,BINANCE_SPOT_SAND_BRL,2021-12-10
BINANCE,BINANCE_SPOT_GALA_BRL,2021-12-10
BINANCE,BINANCE_SPOT_GALA_TRY,2021-12-10
BINANCE,BINANCE_SPOT_ALICE_TRY,2021-12-10
